ride_id,ride_requests,ride_fulfillments,location,ride_timestamp,surge_pricing,weather_condition
19b1cc2f-c3e3-47fe-90ca-34659607baba,96,151,Vilnius,2025-01-01 11:28:40,True,Rainy
0cb88b96-62de-4484-8036-327ec4ecb365,197,139,Zurich,2025-01-02 07:55:00,True,Cloudy
e183628c-0159-4839-ba0d-657f7e6c93b9,76,143,Vienna,2025-01-01 00:47:38,False,Cloudy
1ca29f57-c36f-4448-9b8e-308023a2c00f,101,44,Paris,2025-01-02 16:05:47,True,Cloudy
e4640f6e-1306-4329-83ec-0e737d6560a5,124,158,Warsaw,2025-01-02 10:46:47,False,Clear
f6601b88-cdfc-436d-9152-fae3d57e1d15,141,127,Geneva,2025-01-01 12:58:33,True,Snowy
67b00af8-b022-4dfb-ab5d-36b5d8cf1247,111,166,Vilnius,2025-01-02 00:19:38,True,Clear
761eb0a5-3cd4-4904-8731-2cc71e46de64,115,63,Bucharest,2025-01-01 15:05:36,False,Rainy
5f40476c-39f4-4cfd-8c45-d5b0605e5935,129,146,Budapest,2025-01-02 17:29:32,False,Clear
7d906aeb-988d-4e48-85c6-ff20f9d29d7c,189,89,Lisbon,2025-01-02 19:12:32,True,Clear
5338f222-c649-4669-bf70-c1eb3c19d140,193,97,Paris,2025-01-02 06:34:59,True,Clear
0c2a82d4-23f0-4b59-a2e7-5f74ae6db4e9,179,40,Paris,2025-01-02 06:37:59,False,Rainy
ab14e53e-fa8d-4761-b0ce-9edecabef0fc,113,177,Copenhagen,2025-01-02 11:45:03,False,Cloudy
0a49b135-5375-4e20-856a-e7ab7a000e8a,78,41,Geneva,2025-01-01 17:02:26,False,Snowy
1a390f15-f6b6-41b5-8f98-87bdb78eedf7,136,102,Oslo,2025-01-02 15:36:11,False,Snowy
3d478d83-b804-4cb0-9027-034d051e3aea,145,55,Warsaw,2025-01-01 22:28:23,True,Rainy
40358763-a926-441f-876e-8d4dddaabfa7,80,76,Copenhagen,2025-01-01 17:54:34,True,Cloudy
24be4e11-ef50-4d49-af40-44216874fb3c,132,55,Helsinki,2025-01-02 10:35:52,True,Cloudy
76c09fd9-2fdd-4577-9087-ae46dfb8dbd7,192,126,Athens,2025-01-01 10:22:32,True,Rainy
625df136-f97d-4654-929c-507a3a1d318a,82,129,Geneva,2025-01-01 08:19:33,True,Clear
eaa360a3-fd96-4f16-bb12-f653bd77a2af,149,119,Tartu,2025-01-01 14:47:27,False,Cloudy
fc078eee-07a4-4966-95c3-3a204cfff239,197,66,Copenhagen,2025-01-02 14:26:50,False,Snowy
a66ca2a0-066b-4c56-ab70-d2ffc9f04a7a,122,150,Madrid,2025-01-01 15:00:36,False,Rainy
df326bb9-a4ce-48f5-b2fd-3034ec0f1ac7,180,103,Riga,2025-01-02 18:08:25,True,Snowy
a060c1d2-346f-4bcf-a3e5-b17586fa811c,67,136,Tartu,2025-01-02 16:32:18,False,Clear
1f8064d7-703d-4bc4-be53-8350273e4e7f,175,176,Geneva,2025-01-01 05:55:55,True,Rainy
3bcf2070-6c7e-4a1c-934c-e8e540e8759b,56,50,Tallinn,2025-01-01 04:50:12,True,Snowy
352f09b6-c667-4965-9dae-6334cc4877a3,173,109,Madrid,2025-01-01 15:30:23,True,Snowy
c1a47600-1fd5-4f8c-aaa7-7a7b6a95e1bb,163,182,Bucharest,2025-01-01 18:58:49,False,Clear
821453be-8d43-42b1-bfbd-64a9f5c4a229,133,87,Athens,2025-01-01 20:07:18,True,Rainy
a100d0e6-983b-4707-96ea-a65b5b75ca99,133,133,Madrid,2025-01-02 08:14:29,True,Cloudy
0474fdd2-ec45-487b-90be-cee5a43ae3a3,132,115,Dublin,2025-01-03 00:01:04,False,Cloudy
5b6342e4-5f55-4769-aeee-ffdf48d2c5d8,154,99,Brussels,2025-01-01 19:54:58,True,Snowy
9c0992ae-4bce-4057-8432-48bf4e3831c9,151,107,London,2025-01-01 00:35:12,False,Clear
f64d2379-c117-483b-a930-5051557979e6,142,96,Amsterdam,2025-01-02 22:36:30,True,Snowy
80b927b1-712c-4b0f-b538-805221f35008,109,103,Vienna,2025-01-02 07:35:18,False,Clear
62187fe7-9ac2-404f-905d-331d3fe0c430,151,119,Vienna,2025-01-01 16:03:04,True,Cloudy
06882b15-b811-4d73-bd77-1beef0b91df2,73,126,Budapest,2025-01-02 05:47:48,True,Snowy
b6560b5e-a89c-4d8e-b660-2768cae29eeb,158,159,Madrid,2025-01-01 23:47:40,False,Snowy
e945d710-1bf3-4a30-a2fe-5982334d70b1,189,182,Lisbon,2025-01-02 10:29:09,True,Clear
8bd88037-8160-497c-a724-6e5c4a57b394,143,118,Zurich,2025-01-02 15:28:31,False,Rainy
84c9c5bd-b8b7-4c4a-9eb1-6939e689c647,113,75,Dublin,2025-01-01 05:08:11,True,Clear
bd646dd1-8ef5-4e7d-9631-5fa74bade72b,53,93,Helsinki,2025-01-02 15:41:01,False,Rainy
b9247af5-0e94-4a3e-8c1f-5ddb646e04a7,143,184,Stockholm,2025-01-01 18:31:00,True,Cloudy
036d3018-9884-4e3e-ae43-1256edbd81e8,182,139,Budapest,2025-01-01 02:28:48,True,Snowy
de930e7c-cb43-4052-88bb-5b3f4ef5f30c,65,125,Vilnius,2025-01-02 17:28:57,True,Snowy
689697c1-9f5b-445b-8257-e82fe4bb25f2,76,61,Geneva,2025-01-02 12:53:53,False,Clear
5623eebe-5eba-4e59-a376-54526b69c92e,181,114,Berlin,2025-01-02 10:19:04,False,Clear
e7cc89b1-3b35-41af-a879-624a951b9ad7,121,75,Vilnius,2025-01-01 18:42:10,False,Cloudy
766a2f58-5020-4f5e-a8be-ffa50a15e5e7,97,68,Prague,2025-01-01 15:32:52,False,Cloudy
d577a3e6-ed55-44f1-add6-cfd5234a40d0,185,181,Oslo,2025-01-01 04:18:30,False,Rainy
56dba200-e22f-4933-9f5c-a7af7c02f26a,130,57,Dublin,2025-01-02 21:52:06,True,Cloudy
b0583e90-38b4-4ed1-b00f-060eeb5b1cd7,93,77,Rome,2025-01-02 01:53:23,True,Cloudy
1e66c5f6-44c6-4d51-ab4d-36128a7ea114,101,140,Prague,2025-01-01 17:34:30,True,Cloudy
67d71f1b-0959-4983-9fb5-e5232fc68bb7,83,73,Bucharest,2025-01-02 22:36:45,True,Cloudy
69001b68-504f-4421-9c17-1e03802dde40,70,160,Berlin,2025-01-01 07:33:50,True,Rainy
c426526e-7958-46e6-bf8f-148b720e33bb,73,126,Bucharest,2025-01-02 21:35:34,False,Cloudy
ad54883f-887c-4f24-834f-00b964bab91f,93,149,Geneva,2025-01-01 05:14:12,True,Rainy
a3ddfbf8-f9f3-416c-b81d-6ea488eae5c1,163,106,Tartu,2025-01-03 00:15:45,False,Clear
d21ae08b-9789-4940-b73b-83f0990c3ccf,152,82,Zurich,2025-01-02 09:26:06,True,Snowy
c8181c25-1342-401d-9af5-f081ed8c311d,183,162,Vienna,2025-01-02 10:12:49,False,Clear
b0f82b3c-ad31-4358-b7ee-1e516ebe9771,105,61,Vilnius,2025-01-01 19:55:19,False,Cloudy
cf75ce3b-db07-4c80-8d5d-dcc671ddc278,63,126,Madrid,2025-01-02 06:58:29,False,Snowy
f2c502fb-fb29-4d34-b216-859223d80619,150,116,Warsaw,2025-01-02 15:25:19,True,Cloudy
089fec76-11c2-4b76-9fd9-e40ec1160af8,50,164,Vienna,2025-01-01 13:44:03,True,Cloudy
12c14b9e-a731-4def-8144-dc01d7341f54,61,135,Helsinki,2025-01-02 08:45:54,True,Clear
1674e065-e951-4370-a07f-bd6ba19fa41e,164,161,Rome,2025-01-01 10:59:23,True,Cloudy
a2ff3242-28ed-40e4-9c05-e52dce070f1f,155,79,Brussels,2025-01-02 10:17:27,False,Clear
afe44599-3752-4e67-91f5-70366d96d1f8,86,143,Oslo,2025-01-01 06:10:05,False,Cloudy
eb7a34fa-f8e1-4803-a45e-a1f5cf3ac728,52,158,Prague,2025-01-01 11:55:54,False,Rainy
f0698d75-37e1-452f-bc02-fd800c08c38c,102,177,Warsaw,2025-01-01 16:46:49,False,Snowy
265aa621-9cdf-49be-a425-e7ed8b6fe01e,149,159,Oslo,2025-01-02 06:33:27,True,Clear
3ae48942-a7dc-41f5-9f7c-4845d512d140,66,56,Tartu,2025-01-01 15:06:18,False,Clear
a543d780-736b-4147-9e43-a793c0d03228,162,141,Riga,2025-01-02 11:48:26,True,Snowy
59f9048e-f110-4ae9-ac9e-e0c643d5dff5,159,169,Athens,2025-01-02 19:59:01,False,Clear
4aa9fbdb-f6d2-4a88-afb9-52dc4382eb69,192,184,London,2025-01-02 12:44:15,False,Snowy
21361118-73a1-4d4b-8b68-59c496fe735d,53,147,Oslo,2025-01-01 01:10:15,False,Rainy
50ac0906-9dba-4b64-b003-4708c4265abd,194,129,Athens,2025-01-02 16:38:11,True,Cloudy
9be9f296-5ada-447e-a335-fae059875298,188,158,Prague,2025-01-02 07:30:11,True,Rainy
e9ba4465-190b-447d-9475-311860d99584,61,102,Bucharest,2025-01-01 21:42:00,False,Cloudy
69c1ae63-e9d1-4932-b2ee-290086e9a0d3,81,44,Madrid,2025-01-01 18:10:06,False,Snowy
6f32fe8e-0e99-41b7-a8b5-93022c8298d6,92,64,Tartu,2025-01-01 07:21:30,False,Rainy
3235203d-285b-4e59-b0b9-c63fc5714fc1,153,112,London,2025-01-02 13:13:38,True,Cloudy
f1578946-2339-499b-bf69-043a1b2ea994,142,163,Oslo,2025-01-01 14:20:36,True,Snowy
f2afdf91-d712-466c-9cbd-c37490a36933,92,61,Rome,2025-01-02 18:05:12,True,Cloudy
3f9c1dad-d1bc-4290-88ef-f37304dafeaf,180,132,Amsterdam,2025-01-02 09:57:53,False,Clear
99135052-03a2-43f7-a3dd-2ebe4c4a4943,134,74,Vienna,2025-01-01 14:36:28,True,Clear
fca9380e-a7db-4b67-8cd5-f7765866632e,84,94,Warsaw,2025-01-01 18:59:32,False,Snowy
be4206bc-26f8-4594-aa65-96f0923a57b0,166,167,Rome,2025-01-02 17:07:02,True,Cloudy
ee1b3053-c30e-4125-b27c-6baff65a694e,69,59,Lisbon,2025-01-01 06:46:26,False,Clear
a6ee8886-08e3-486e-9f6e-0fa64dda860e,192,44,Dublin,2025-01-02 05:54:18,False,Rainy
a5f32a8d-8fdb-4a0d-9c01-e1b0107ed8df,134,102,Warsaw,2025-01-02 00:41:49,True,Cloudy
9cec6c5e-b669-4df5-8026-02941ff5557e,166,71,Geneva,2025-01-02 18:40:11,False,Cloudy
978da4a0-f059-4454-a3e2-1ddf7ebc537d,155,113,Amsterdam,2025-01-01 17:41:04,False,Clear
1af5733a-a40b-4377-bec7-d0650f03c891,195,184,Barcelona,2025-01-01 00:01:53,False,Clear
71312e76-dc33-4336-a3b0-8db2e4693082,154,140,Prague,2025-01-01 07:14:21,True,Snowy
44db87f9-3272-41b7-a2cd-5bd9b1ded6d4,142,118,Vienna,2025-01-01 19:38:51,False,Cloudy
821b8502-ef04-4f60-8a02-4c2c1dbe7170,90,62,Geneva,2025-01-02 06:04:23,True,Rainy
cecc2243-b6f0-4a60-90b7-e3c2a910f955,149,95,Copenhagen,2025-01-02 21:33:13,True,Clear
71825e7e-0083-4442-9f56-6095d0e36bf4,118,176,Bucharest,2025-01-02 18:43:12,False,Cloudy
f5ba97be-1464-4879-996c-9617c516a3e2,155,145,Dublin,2025-01-01 23:11:38,True,Clear
86689fa6-1347-4fec-b562-1db4e86c4432,188,108,Barcelona,2025-01-01 23:37:25,False,Snowy
15e8aa3a-d4fa-4f7f-ac89-1948a9622504,195,61,Berlin,2025-01-02 20:40:06,True,Cloudy
7bd2a5e3-03b0-4b05-85e8-008539064450,189,71,Vienna,2025-01-01 03:24:04,False,Cloudy
5699572c-9be7-4238-94a5-f6bbca9ac2ea,193,41,Barcelona,2025-01-02 15:56:49,True,Snowy
9b2828a9-5e91-48e6-8249-830c8bfcf532,76,162,Tallinn,2025-01-01 00:56:36,False,Rainy
fb5fe123-3f2d-4dd6-8977-e58f11480072,149,124,Dublin,2025-01-01 14:06:35,False,Clear
17093e12-eb09-45cf-a218-b651d95f79c9,194,53,Vilnius,2025-01-01 07:19:38,False,Snowy
cc99a8dd-14d1-46d0-9b74-f44e412e3209,134,76,Berlin,2025-01-01 04:07:59,False,Cloudy
58e2b513-7f07-4abf-be73-1abb43d59a79,168,66,Copenhagen,2025-01-02 04:01:34,True,Snowy
5adea1b1-d73f-413c-ac55-32c766757537,80,103,Tallinn,2025-01-02 06:14:25,True,Cloudy
29abd02b-a645-4234-8bac-801aaac2cf61,158,109,Madrid,2025-01-01 12:53:55,False,Snowy
b423c026-b1bf-406e-b89a-e4391d0f7462,76,54,Warsaw,2025-01-01 21:46:08,True,Rainy
4af6aa69-aab2-4787-aff8-1823d061cdae,136,68,Copenhagen,2025-01-02 16:16:10,False,Cloudy
6f46f950-c359-4e89-a05d-5dc746f3a4b5,66,113,Paris,2025-01-01 02:36:53,False,Snowy
36522b0c-5c75-4443-b2fc-4a4f5c6f4f6a,60,67,Budapest,2025-01-02 20:40:09,True,Rainy
20d140ec-d477-41c6-9f77-d174cb578154,178,98,Brussels,2025-01-02 13:16:32,True,Rainy
a06c8799-412c-4efd-8f9f-f02e07560769,131,112,Warsaw,2025-01-02 13:31:41,False,Clear
2dad13f6-46d1-4bae-b5bf-7da38f05c53d,98,188,Helsinki,2025-01-02 12:37:54,True,Cloudy
f6d597cd-7571-4135-88b4-edc3fd77c813,90,49,Helsinki,2025-01-02 11:34:19,False,Clear
22f39026-a2ec-48e9-8e44-021cf5a0e988,69,171,Tallinn,2025-01-02 16:46:34,True,Rainy
70c796e7-6ddf-4b33-af50-a829d5b4955c,120,101,Stockholm,2025-01-02 06:57:43,True,Clear
35ff7ba0-d79f-4b83-b62a-cb94d5930550,86,171,London,2025-01-01 18:31:55,True,Clear
08d205fb-085a-4f7c-897d-3e5d15ccb166,175,166,Vilnius,2025-01-01 14:47:10,True,Snowy
e101c9b8-319f-4ffb-9847-bb3bb36c0d6f,193,45,Bucharest,2025-01-01 08:13:41,True,Clear
7ac987e0-05a8-4071-bb3d-549def35c213,88,119,Berlin,2025-01-02 12:01:39,False,Rainy
0179977b-48b8-4ea7-a40f-5db9a3f4a709,158,111,Vilnius,2025-01-02 04:15:51,True,Clear
0ae1dfe7-ba6e-4220-aab7-5ae32a5dba58,113,55,Berlin,2025-01-02 05:42:12,True,Cloudy
d6e60252-fc57-4009-b570-57025858569a,72,77,Warsaw,2025-01-02 18:28:18,False,Snowy
4568206e-90ee-47cc-9428-8adac98c8079,81,104,Madrid,2025-01-01 21:26:56,False,Rainy
5a50ea8a-3dc6-42e0-9ae1-b168338ba77c,172,165,Tartu,2025-01-01 03:34:17,False,Clear
8ab5e5d9-9487-4002-8070-3946458c7dc5,68,122,Tallinn,2025-01-02 01:21:38,True,Cloudy
95cdc770-f088-4714-b6b6-5a7150e381f6,155,56,Amsterdam,2025-01-01 01:22:08,True,Rainy
2e13678d-2fc8-42ae-b708-17c18450472d,116,152,Lisbon,2025-01-01 16:49:01,False,Clear
0bf545a1-434b-46d1-b663-dc7d0ba075db,138,179,Lisbon,2025-01-02 04:05:51,False,Snowy
0012b1e9-96a5-45b7-985b-b5acbc53f045,109,109,Copenhagen,2025-01-01 16:30:12,False,Clear
64561c73-0e84-4a48-938a-ef0fa1158e9e,60,110,Stockholm,2025-01-02 15:17:06,False,Rainy
51a25882-831c-4d80-aeab-72be053b9808,98,170,Helsinki,2025-01-01 02:11:39,True,Rainy
88251e50-ee9e-4f32-9dc4-bea79e873a58,192,88,Madrid,2025-01-02 08:50:38,True,Rainy
bf4feee9-82cf-4657-ac33-52c3a8a37157,177,60,Warsaw,2025-01-02 08:27:04,True,Cloudy
a8d9e91f-20b0-4eb9-afda-e45cbde53f79,110,175,Athens,2025-01-01 20:48:55,True,Clear
849530a0-bbfd-4b7d-9e32-0a9caa0f594d,192,103,Helsinki,2025-01-01 13:55:18,True,Clear
27c1f6d8-9a03-4bd0-8094-976aec9171a3,54,71,Tallinn,2025-01-01 02:56:07,False,Clear
d5e9f332-3c0e-407a-8bf2-985d666d26e6,78,59,Helsinki,2025-01-02 11:21:25,True,Snowy
eedb7497-b381-4acb-bac5-287731c22f32,118,55,Stockholm,2025-01-02 14:43:42,False,Cloudy
1f552399-2a66-4c5d-96d9-ad8b8319812c,199,99,Vienna,2025-01-02 16:45:30,False,Cloudy
7d1d0b69-c48f-405e-9857-4a5b0bb0d2d4,62,176,Rome,2025-01-02 04:50:37,False,Snowy
bd8b1fb7-691d-4056-8dff-23642f6eee22,165,142,Helsinki,2025-01-01 12:41:31,True,Cloudy
2bd1ee23-0f60-459a-93a9-8ddbddec56ae,159,100,Tallinn,2025-01-03 00:04:10,False,Snowy
e37bfd67-47df-479b-94a6-a544a931bfd1,129,143,Stockholm,2025-01-02 08:17:41,True,Rainy
149f8ab6-50e2-4f76-85ac-10af01b0bf18,149,100,Bucharest,2025-01-01 15:31:51,False,Rainy
07d18d7f-e837-47ec-8a50-943c0c472e36,66,115,Lisbon,2025-01-02 16:13:13,True,Cloudy
1302bf8a-e219-4652-bc48-4b0c52a69bcb,197,54,Rome,2025-01-01 19:11:00,False,Rainy
95e54efa-3b86-46c8-bdff-3c2aa3f0e06e,163,171,Vilnius,2025-01-02 09:51:59,True,Rainy
3ced9c15-cfa4-4f92-8aba-d0cee95fd701,55,142,Berlin,2025-01-01 15:06:25,False,Rainy
3c16f394-b4b1-4ef9-ac50-2bad752be466,71,114,Vienna,2025-01-02 17:16:35,False,Clear
c1922325-2030-4ff3-a70c-4aeb27ee4b50,186,67,Vienna,2025-01-01 03:26:48,False,Rainy
c3380076-a1f8-4af2-9952-b4a4e43469f1,137,113,Bucharest,2025-01-02 03:34:34,False,Clear
cdff94d9-be02-45ca-a13f-0bcc6943ca42,82,172,London,2025-01-02 02:21:47,True,Snowy
8e0c7e25-154e-4bec-9c06-66803a01e252,119,164,Barcelona,2025-01-02 04:02:33,True,Snowy
33eff812-1ebd-4a43-9824-db5df5bbde9c,98,95,Budapest,2025-01-01 13:54:07,True,Snowy
8e81ae1e-8932-4287-8eda-16b729dba37f,153,103,Vilnius,2025-01-01 08:55:06,False,Snowy
e4f40ca7-8cfd-41d6-b06c-8760c1ad1544,151,166,Brussels,2025-01-02 20:27:55,False,Snowy
f237ce4b-d22d-4027-a443-54556eb51a3a,193,160,Zurich,2025-01-02 23:43:16,False,Rainy
3af8e831-2f8c-456d-bceb-7977cbb59a63,155,128,Oslo,2025-01-02 19:19:41,False,Rainy
fe359eeb-d928-46b6-93cd-43e241a654db,131,56,Stockholm,2025-01-02 17:59:20,False,Rainy
4d25ecda-4ae0-4eac-8dd0-cc7e9a3b8c3b,135,136,Lisbon,2025-01-01 16:02:14,False,Snowy
6ce67e48-df81-40c0-8449-503a93083aff,63,94,Vilnius,2025-01-01 05:51:46,True,Snowy
e7474275-ebe8-4ecf-ab79-8d1acddd3cf9,98,176,Barcelona,2025-01-02 08:00:59,True,Clear
1e1b9b3a-25d1-4100-9d0a-937d5a2c76e5,99,149,Vienna,2025-01-01 18:57:17,True,Cloudy
c1480484-4d13-4ed4-bee8-0dd4d7df958e,72,55,Paris,2025-01-02 08:44:49,True,Rainy
96aefdb5-ba31-49e4-9067-ef5ea3cfb781,115,183,Oslo,2025-01-01 15:55:58,True,Cloudy
944d8e42-3a29-4a25-b8be-9a934703d1b2,164,52,Barcelona,2025-01-02 21:52:59,True,Snowy
72ac404b-8053-46d3-8655-8609f5e1a069,77,117,Vilnius,2025-01-02 23:23:34,True,Snowy
3b1016fe-443c-47f9-a867-1ea64d271c73,69,124,Budapest,2025-01-01 02:58:38,True,Snowy
3585951f-a099-4c2b-899a-91f03ac46153,170,112,Athens,2025-01-02 03:07:40,False,Cloudy
42b9a004-d54e-42ee-bad9-336f267d5ab3,146,158,Tartu,2025-01-02 06:43:54,False,Clear
7e1f8235-6839-43a3-82ea-20263d23d56d,168,107,London,2025-01-02 21:08:07,False,Snowy
6eba1f31-6e18-4d44-b2c6-9e5a811d3222,158,113,Barcelona,2025-01-01 00:01:11,False,Clear
1a69ca5e-41e9-45df-a029-ef0d4c365396,75,138,Dublin,2025-01-01 19:19:21,False,Clear
b9c09555-d237-426e-83c0-0bf0670b654f,196,156,Geneva,2025-01-02 03:41:58,False,Rainy
c9e6647e-2813-42ee-a9d9-a2cfde6ab09b,155,176,Riga,2025-01-02 20:35:15,False,Cloudy
e97b4efb-e9cc-44a0-8a4f-7bc9b0e41df0,190,185,Madrid,2025-01-02 11:30:45,True,Snowy
9cf7fab4-c54b-4949-968b-0d1c668287bc,111,177,Madrid,2025-01-02 21:18:20,True,Clear
9b9c7dc7-4eac-40c9-9805-df8f6a972b4b,175,154,Zurich,2025-01-01 05:22:12,False,Cloudy
2a0d47bb-9737-4232-a0c9-02d7006a532e,191,93,Paris,2025-01-01 02:55:09,True,Cloudy
9f9a3527-98a3-42cf-8ff4-8d87234a73fb,188,118,Bucharest,2025-01-03 00:15:26,True,Snowy
9c645949-0b31-4175-8513-e8a9597cc46a,116,54,Lisbon,2025-01-02 13:09:29,True,Rainy
8b3142a8-5a0e-43a0-ad28-5b378421b629,61,178,Dublin,2025-01-01 12:29:52,True,Rainy
ca5d1bbb-1e4f-430f-8ac6-f9d5a7c6e37d,84,157,Vilnius,2025-01-02 00:56:05,True,Clear
10c6c238-e4d0-4781-b41b-58ac379f3faa,159,151,Tallinn,2025-01-01 07:23:32,False,Rainy
e53626b1-3ec4-4ee2-98d4-3294be4f28b1,63,145,Tallinn,2025-01-01 01:39:18,True,Rainy
d6e3a3c4-ff89-40b6-b08e-a7cb74aab8dc,150,144,Dublin,2025-01-01 05:14:13,False,Rainy
4d233dae-86ea-490e-8666-2942164285ad,109,86,Dublin,2025-01-02 21:35:57,False,Cloudy
85739a14-30fe-4639-a97a-e48de43a842b,92,157,Zurich,2025-01-02 12:37:50,False,Snowy
b038c7b1-a632-467c-9b43-c86a863ec587,104,165,Barcelona,2025-01-01 08:32:39,True,Cloudy
d3255732-863c-44dc-b174-372b5c941860,158,187,Berlin,2025-01-02 03:16:54,False,Cloudy
544e3974-4f73-463b-93bd-87c09d229fa1,142,137,Helsinki,2025-01-01 22:47:49,False,Snowy
c18ecc73-8e0f-4342-b432-b3276f68ab1f,144,189,Vilnius,2025-01-02 00:40:53,False,Cloudy
366f3b2c-c7e9-4cc5-8288-b0b6ef3c3eee,196,87,Riga,2025-01-02 19:33:04,False,Clear
313b065d-eba0-4148-ab23-f47e27b7b366,144,121,Warsaw,2025-01-02 02:10:10,True,Clear
2ffb117a-f12c-4b86-96d0-e25e6716dfcb,197,55,Berlin,2025-01-01 14:14:22,False,Cloudy
42015442-958d-4edd-a6ed-32b05aab9b03,77,172,Stockholm,2025-01-02 12:32:38,False,Rainy
a4f28204-5764-44a5-a482-9c2f3c1764cc,52,113,Tallinn,2025-01-02 18:15:44,False,Cloudy
af9ee103-a59a-445b-a852-6a7ddcd4a604,135,60,Budapest,2025-01-02 01:14:54,False,Rainy
bb469fcd-101c-4931-b280-5f8099a16055,157,100,London,2025-01-01 22:35:14,True,Cloudy
b7dc69ff-3193-4b09-add9-8681f7cdefce,166,63,Madrid,2025-01-01 05:25:14,False,Clear
e77aa7b9-1727-4c03-bdce-fda8ccb9939f,157,62,Copenhagen,2025-01-01 15:38:51,False,Rainy
cbce69dd-df8c-43ab-9ec7-726759cc249d,64,126,Vienna,2025-01-01 08:40:30,False,Clear
936568a1-d2d0-4709-8ce8-dbde03ccd2cd,111,178,Athens,2025-01-02 03:52:28,False,Cloudy
78233cbb-ecf7-4a49-8c35-138e6af31447,80,41,Copenhagen,2025-01-02 18:21:24,False,Snowy
593d61b6-2b65-4163-86f8-1415f6e5ef93,75,92,Berlin,2025-01-01 12:43:52,False,Rainy
6190f3de-9353-457f-a984-c4a50c821b64,197,178,Zurich,2025-01-02 13:52:37,True,Rainy
6102a2c8-5fc7-48cc-abe7-7a1248fc2ceb,115,54,Brussels,2025-01-02 09:02:11,False,Cloudy
b0fed06b-f2b7-4452-bc97-062148240868,198,179,Brussels,2025-01-01 03:47:40,True,Cloudy
391f2f63-4bc4-4b58-baac-9230c6da3de3,164,161,Bucharest,2025-01-01 13:23:58,True,Rainy
db33a6d1-6352-4aa3-adf1-6baca9de58a1,109,162,Zurich,2025-01-01 16:26:17,False,Snowy
aec19937-6744-4b70-afad-fa442d2ba74b,112,131,Madrid,2025-01-02 00:33:32,True,Cloudy
582a2d92-e7ef-467f-b013-79afd06a9293,150,62,Vilnius,2025-01-02 03:30:30,False,Cloudy
ef06ff01-cedc-4988-ba83-6d7f21988a56,149,127,Tartu,2025-01-02 17:28:17,True,Cloudy
c5965dae-a2de-4919-bf17-7d6a5ca3f791,188,181,Helsinki,2025-01-01 15:18:53,False,Snowy
5ad7a87b-95cb-4dea-98e3-172e387f227a,168,138,Brussels,2025-01-01 12:12:26,True,Rainy
e4c7284b-c103-4fda-9cab-72440cc016d2,106,66,Stockholm,2025-01-01 07:07:36,True,Clear
1ccbac48-d1fd-4bd2-8fe9-af417be301e4,180,60,Brussels,2025-01-02 01:59:02,False,Cloudy
56168cb1-3d0e-4502-9853-c164acfbe8f3,86,88,Copenhagen,2025-01-02 12:49:13,True,Snowy
61feec9f-8779-4468-98d4-b5dd07132fb8,160,83,Brussels,2025-01-01 05:03:31,True,Rainy
b366a9cb-9156-499e-ab76-5b02f31c14f1,198,83,Brussels,2025-01-02 19:47:30,True,Rainy
55f7f90d-f9a2-40a5-8cde-29a3aef9d7a2,161,167,Tartu,2025-01-01 13:59:45,True,Snowy
4af9038b-5d07-452b-a78d-3a0a1c285a49,50,62,Tartu,2025-01-01 12:21:17,True,Cloudy
f439079f-2dfd-4e0f-a31b-2fe7096f6e26,72,168,Athens,2025-01-01 10:03:25,False,Clear
f8ebd9cd-166c-4c03-bfea-232bac1f7c62,156,164,Lisbon,2025-01-01 03:03:32,True,Cloudy
ee5b4785-ed62-4b9a-b04f-7132fc722ef3,162,75,Stockholm,2025-01-02 14:48:45,True,Rainy
6cc910c4-0981-43f4-a309-34de8c79e087,138,94,Tallinn,2025-01-02 09:58:25,False,Clear
1d54634c-0dfc-4403-a1ce-f40264d51421,184,149,Tallinn,2025-01-01 18:52:27,False,Cloudy
acb8465b-424d-4b5e-8aec-2a72dbc60b72,87,55,Budapest,2025-01-02 20:35:15,False,Clear
b272d4f3-06a5-4af3-85cf-0627a7ed2052,96,128,Tartu,2025-01-02 17:38:39,True,Snowy
b500b0ff-b2fd-4eb2-a7ef-1934a12d6418,152,57,Geneva,2025-01-02 22:25:22,True,Cloudy
a0e51536-3ea1-46ac-b9c8-f09054e1836f,111,77,Madrid,2025-01-02 02:17:39,True,Rainy
d8842587-ccc2-4f6f-abcf-a1fee4ab60db,122,59,Bucharest,2025-01-02 03:14:00,True,Rainy
181d5a56-ec24-41e5-baca-10c2ce564276,52,58,Riga,2025-01-02 08:44:26,False,Clear
52641efb-db5c-4643-abc5-fe777e261493,151,52,Lisbon,2025-01-01 10:20:42,False,Snowy
535e8bc2-0c12-4181-ac2f-66d6ce5db7f4,197,56,Oslo,2025-01-02 07:25:48,True,Cloudy
a0b4045f-fe59-4c25-9994-589cab37a34c,154,69,Lisbon,2025-01-01 17:40:40,True,Snowy
edbc9d45-81c7-4822-bf55-73734efe7724,93,82,Paris,2025-01-02 06:19:52,True,Snowy
60a09165-39c6-4db7-9837-eb21158ce7b3,149,87,Copenhagen,2025-01-01 18:13:24,True,Clear
061008fd-bf04-4a46-acd7-622c6195c2c9,75,82,Brussels,2025-01-02 11:05:26,False,Clear
99b59f09-639f-4c15-83f9-0cc90e791ccd,97,132,Riga,2025-01-01 17:29:48,False,Cloudy
dc524cfe-1404-4bf9-9feb-9972ae884c19,54,153,Copenhagen,2025-01-01 21:37:47,True,Rainy
079ab6f9-f9d4-4832-b881-7684686222b7,108,105,Stockholm,2025-01-01 19:13:57,False,Cloudy
2e6d1a4e-ccca-4066-88ff-a9ca73a6cc52,110,158,Zurich,2025-01-02 03:57:40,True,Snowy
48af9a8b-01bf-40c3-9958-1e98f115533d,98,92,Tartu,2025-01-02 01:56:09,True,Clear
44038099-b2a7-427c-8d1b-6fddb1c7dd8d,194,111,Riga,2025-01-03 00:04:24,False,Snowy
3611c947-e10b-4c13-b366-a83538e2ecfe,119,117,Athens,2025-01-02 10:56:36,True,Clear
431170ac-5626-40f9-bc86-48623ade2b97,64,113,Paris,2025-01-01 22:34:23,False,Rainy
032dbba1-9e1c-4f18-ad2e-9042173714d5,50,111,Amsterdam,2025-01-01 21:12:58,True,Snowy
dc7e72ad-ea9a-4239-8c8e-b953649601e7,190,52,Amsterdam,2025-01-02 15:12:11,False,Clear
621c6011-9d2c-4094-adc9-40fdc28024db,177,98,Tallinn,2025-01-02 12:57:51,True,Cloudy
8920b6e8-ee20-4385-bb13-a0f3b82bc1ca,174,71,Berlin,2025-01-02 03:51:38,False,Cloudy
d0a6b8c8-d22d-49af-a044-57f58bdc74a8,68,122,Riga,2025-01-02 03:11:16,True,Cloudy
8ceb21d5-3880-47e0-96e0-aefb71e3bf05,168,159,Amsterdam,2025-01-02 03:03:40,True,Snowy
9fac5935-b249-4326-b390-42f11303f1cf,113,93,Helsinki,2025-01-01 19:55:09,False,Clear
bb92b780-ab50-4fc1-873f-d69a802bc42c,115,41,Zurich,2025-01-02 17:32:10,True,Clear
d412f03f-04f9-4791-a910-a67541ffd436,106,157,Oslo,2025-01-02 17:28:24,False,Clear
2fe6aae9-0f66-4e39-ac0c-02a89d0d1556,93,76,Budapest,2025-01-02 16:18:33,False,Snowy
83aa230b-03e7-4aea-a946-9369dfb74df6,61,136,Bucharest,2025-01-01 18:14:42,True,Clear
9503bce2-5847-446a-94f2-2e4bbd2799cc,171,142,Helsinki,2025-01-02 16:57:55,True,Rainy
7791e0fe-7d7c-4c6d-aa8b-37a6662bd44e,73,153,Budapest,2025-01-01 14:41:32,True,Snowy
f97de8ec-b554-4286-83ee-051d74e76882,188,40,Zurich,2025-01-02 06:35:07,True,Rainy
2162540e-4340-4d77-a930-57b6ca5257f0,50,167,Vilnius,2025-01-01 18:34:56,False,Rainy
903da01f-3ae3-4921-b4e0-72c6abca6dd1,77,142,Zurich,2025-01-02 15:46:24,True,Cloudy
100a5b52-f1ae-42aa-8093-d8bfa6e59fba,117,184,Berlin,2025-01-01 07:53:09,True,Snowy
72665c05-6463-4200-8e47-a208b2c50acd,154,96,Tallinn,2025-01-01 08:07:42,True,Clear
eac8663a-cdc6-4770-958c-5f2ef518af80,143,109,Warsaw,2025-01-02 04:02:11,False,Rainy
143bb238-dbc0-44e5-81ab-78c68aa6dbdd,173,83,Vilnius,2025-01-01 16:17:03,True,Snowy
b6b7f44a-91af-4aab-9a4a-85bee1448dd1,173,180,Prague,2025-01-02 08:15:37,False,Clear
2dd70e7c-b266-4e3d-bdf2-cbc5f1027f9c,71,115,Warsaw,2025-01-01 12:26:00,True,Cloudy
85d268dc-0436-4849-b051-17cba71fced7,138,124,Tallinn,2025-01-02 05:51:43,False,Snowy
5833af73-49b5-4b04-b107-3984fb2d8593,94,105,Paris,2025-01-01 15:55:22,True,Snowy
59137cec-684a-4f3a-9220-2f6bd2036319,173,92,Dublin,2025-01-02 16:26:22,True,Snowy
0d68619c-f7d8-4be2-b3c4-855eae5fc878,194,57,Dublin,2025-01-02 14:20:29,False,Clear
be26652b-f5d0-47bb-8910-546efa283424,128,67,Prague,2025-01-02 00:56:25,True,Rainy
0061c1d7-d014-4518-aa11-c9c12504a2d1,88,171,Lisbon,2025-01-02 08:35:28,True,Rainy
58ec22e3-1773-43ee-8598-8f9dd2a0ccd4,77,81,London,2025-01-01 08:13:03,True,Snowy
15fcf825-a0e6-430d-89a7-7d3facf4c345,179,165,Helsinki,2025-01-02 01:38:47,False,Snowy
72821c6e-64fb-4332-b80e-f240b0313637,198,156,Vilnius,2025-01-01 13:01:32,True,Clear
ec7de72d-2ad7-4b53-8422-fa10988f2622,136,173,Amsterdam,2025-01-02 02:02:53,False,Cloudy
c6ba7918-5566-4447-9790-aa1c647f99d6,184,141,Bucharest,2025-01-02 23:01:21,False,Snowy
3bdaa47e-448c-486e-8b48-ac528f9c671b,101,176,Amsterdam,2025-01-01 13:45:11,False,Snowy
035ddc12-ebdd-4725-92c6-51215326ca4f,175,187,Dublin,2025-01-01 14:56:58,True,Cloudy
a1dea773-a34a-4560-a862-b222b5df2caa,196,77,Zurich,2025-01-01 07:56:48,False,Snowy
52de6795-0c2c-44f5-a099-649b1ef19736,122,89,Brussels,2025-01-01 07:58:30,False,Rainy
652bd74e-dd30-4b8f-8b5a-2c94cd15a6d1,189,99,Tartu,2025-01-01 13:13:26,True,Snowy
34c40908-c10f-4656-964a-bf35b806f8aa,143,180,Tallinn,2025-01-01 19:44:31,False,Rainy
5e9b8604-d73b-4684-9700-18ae7dba2362,51,158,Amsterdam,2025-01-01 09:59:39,False,Clear
8a35ab03-21e1-4f1b-966b-c394edea09ba,66,138,Madrid,2025-01-02 09:26:05,True,Clear
793b32e4-1b48-4c20-9e04-49ac07b2aa8f,174,133,Stockholm,2025-01-01 16:16:34,True,Rainy
355f1b63-6d59-4ed3-b461-89fe637accb2,180,107,Stockholm,2025-01-02 22:48:48,False,Rainy
83f9d557-e30f-4b23-abf2-f02975cd7e34,70,179,Lisbon,2025-01-01 06:10:37,True,Cloudy
d3898ad4-6c84-43a0-8a12-7fe0f883bcd3,127,103,Berlin,2025-01-01 18:25:41,True,Rainy
1c48f7e1-bfe7-45e6-8be0-eab7bbef0d12,128,118,Berlin,2025-01-02 19:23:49,True,Rainy
1bc7991d-c1c4-4cc2-b9d8-98b9cd4ee516,100,92,Helsinki,2025-01-01 17:20:47,False,Snowy
b379926e-0194-4f47-a544-08f599fbef45,155,65,Budapest,2025-01-02 14:35:07,False,Cloudy
15cde1d5-7ad7-445b-9351-61e4e92ff4f5,154,177,Amsterdam,2025-01-01 02:01:20,True,Rainy
8fd4f4ad-95dd-4139-8717-847fbbd28e0e,59,179,Amsterdam,2025-01-02 03:17:37,False,Rainy
49f7a55c-e178-4156-b543-754017011b90,165,189,Helsinki,2025-01-02 10:03:06,True,Rainy
aece2cfb-7b2c-4201-b80d-973be4fce5a4,104,60,Zurich,2025-01-02 23:56:14,True,Snowy
b77a68bc-ea33-4d98-8e48-ece1e78716bf,85,110,Copenhagen,2025-01-01 11:14:55,True,Snowy
c8e109bc-4f0d-4de6-bfb9-6cbbfb606d42,100,121,Athens,2025-01-01 07:16:41,True,Snowy
00c37776-95f7-4c88-8ea4-ff16a8f5a460,123,99,Copenhagen,2025-01-01 18:50:49,True,Clear
ea86bcaa-4499-40e4-bb7a-b6db960c4d85,66,138,Tallinn,2025-01-01 09:33:24,False,Snowy
e9864ba6-5199-4150-b4aa-32a7e3632eab,110,86,Copenhagen,2025-01-01 12:28:54,False,Rainy
dd06d35f-ef27-4fe2-aa79-a6ab44bd7373,140,182,Zurich,2025-01-02 17:49:27,False,Snowy
8028f446-a8b0-4337-81cf-eed36310fb20,190,63,Paris,2025-01-02 06:43:19,False,Snowy
b6e1fbb8-202b-4189-9ad9-012f81f4068a,144,49,Brussels,2025-01-01 17:08:50,True,Cloudy
d19aa0d0-060e-4f70-8b74-8a3c3e6448af,129,159,Warsaw,2025-01-02 13:52:50,True,Rainy
576dee96-71c3-47c2-8d5d-6cec4bff0d9b,152,127,Oslo,2025-01-02 05:08:01,False,Snowy
43c38472-b91b-4bd4-8cc5-3d075c5262b4,97,143,Riga,2025-01-01 00:38:39,False,Clear
763bd7b6-2cbb-4eaf-af10-b4d5c46d15ce,135,163,Warsaw,2025-01-02 16:53:46,True,Cloudy
41c81130-6194-4f4c-8b81-9b88f4e01e59,119,73,Zurich,2025-01-01 09:46:29,True,Snowy
a584eeb3-9057-4c84-8141-80e0842dbf91,96,80,Helsinki,2025-01-02 07:53:46,True,Cloudy
0417a08e-135c-4209-81db-a3515df0acb1,59,50,Amsterdam,2025-01-01 06:35:56,False,Cloudy
d1228f9e-9bd9-4c24-96e9-479ec5ac4f9b,129,40,Dublin,2025-01-01 10:21:33,True,Clear
afb0c476-e558-4eb4-a438-507f7a6022ea,62,121,Helsinki,2025-01-01 23:20:28,True,Clear
8fed654e-6066-4bfb-a2a4-780bd7202511,107,65,Dublin,2025-01-02 12:16:36,False,Clear
f7157116-8cea-4412-98b5-cea41a4b9996,133,92,Prague,2025-01-02 07:56:20,False,Rainy
92918ffb-3af8-41b6-808f-f4be72d7fbd9,117,164,Rome,2025-01-01 06:40:23,False,Cloudy
0be427c3-f2e4-4742-a7f4-ecaca6429390,133,48,Prague,2025-01-01 12:45:32,True,Snowy
8db0f9a9-363d-4e19-81b6-fd18fcd4ae84,135,48,Tartu,2025-01-01 05:01:24,True,Clear
8049cd55-f2e1-4885-a63e-3100fc121c8a,193,168,Athens,2025-01-01 21:56:18,False,Clear
3764eaf9-99b4-4c95-b799-0e0d38b3c2af,112,98,Helsinki,2025-01-02 09:14:16,True,Cloudy
74db328e-756a-4fb8-8a0c-f32465e23302,92,145,Amsterdam,2025-01-02 02:00:17,True,Cloudy
3aba78ad-dd85-4a70-b44d-d5dc78cd4c1d,79,164,Berlin,2025-01-01 13:55:38,True,Cloudy
ac2d0849-6d44-4bc4-88fb-5b4de0b00e39,116,55,Oslo,2025-01-02 03:10:57,False,Snowy
ce2dede8-4e0b-4873-b89e-e7bc3c9111b5,73,77,Tallinn,2025-01-01 15:08:04,False,Rainy
72e46fad-3a83-4050-8046-a7d0923b85b7,150,178,Oslo,2025-01-02 22:57:33,True,Rainy
2bf6835d-35bb-45ed-8e18-d875a8ca4edb,155,98,Tallinn,2025-01-01 21:54:48,True,Clear
63a53187-5224-47d4-971b-70632d26ff66,150,68,Rome,2025-01-01 00:10:37,True,Rainy
a1c91e0f-1d1c-4726-a13b-667479fa9848,57,47,Geneva,2025-01-02 18:47:12,True,Snowy
5fd170cf-54f2-42a8-ac94-1991a6e03ad0,145,137,Amsterdam,2025-01-02 08:46:38,False,Rainy
d3d1e8b2-210d-421f-9f9f-3451582a012e,84,173,Zurich,2025-01-01 01:38:04,False,Snowy
2a06a169-10b7-49ae-a8f0-80398ceec92a,145,148,Copenhagen,2025-01-02 06:18:18,True,Clear
193786d1-ea0d-4598-99ad-fa588b495aa3,99,147,Warsaw,2025-01-02 23:12:49,True,Cloudy
c9ecf6e8-fb10-4bd6-a477-1348d6b6a508,194,188,Vilnius,2025-01-01 00:17:00,False,Snowy
932316ad-0c9e-40b9-a7fa-fd7c851df640,51,96,Helsinki,2025-01-02 15:32:50,True,Cloudy
2bd9457f-2c53-48ae-b8e4-a06cb6467326,93,115,Brussels,2025-01-01 16:02:20,False,Clear
d01e48f5-1b78-478d-a46f-7387511e4d65,151,152,Tallinn,2025-01-02 23:00:11,True,Snowy
0a818c72-ed15-4705-9405-a2a981108762,179,45,Amsterdam,2025-01-02 09:46:21,False,Snowy
fb025166-dbfa-4722-a83a-5999df4cbc37,121,163,Madrid,2025-01-01 21:02:20,True,Rainy
629aa353-af68-46a9-b964-4579c4872a97,159,173,Budapest,2025-01-02 12:02:08,True,Snowy
a01c23d9-85ae-4ba1-ab6a-d0dc309fbe2d,186,92,Athens,2025-01-02 12:44:54,False,Clear
30454cd5-ee88-47a4-9fa7-e82052636a5f,178,171,Lisbon,2025-01-02 20:21:37,False,Cloudy
45e3ccf9-82e1-4460-935e-f84c319bd4fc,152,48,Athens,2025-01-02 01:28:14,True,Snowy
03fe45ee-f0dd-4da0-9d85-c6b334f92328,186,108,Rome,2025-01-02 18:54:46,True,Clear
bce7d015-7534-41c3-86a6-8a562f51d22c,191,113,Riga,2025-01-02 04:26:54,False,Clear
5092294e-0717-4b2d-b9a0-75a89f1182c4,76,150,Riga,2025-01-01 23:23:18,False,Snowy
0d69287f-7bc4-4315-8fb8-15792b7332b2,186,126,Barcelona,2025-01-01 18:46:57,True,Rainy
ee348f4f-810b-4178-bb2d-2104d9b63cf9,142,43,Budapest,2025-01-01 18:06:09,True,Snowy
fab3ac4a-3716-4b22-8b5b-8cc30df08ec6,149,76,Athens,2025-01-01 06:17:59,False,Snowy
a809d451-648e-403b-ba2d-01f653ff2557,180,110,Warsaw,2025-01-02 03:23:36,False,Rainy
e28cbc81-bf12-42fe-8de7-0960767e8ea1,166,45,Tartu,2025-01-01 04:44:38,False,Clear
f0437957-1090-4f0e-a9af-05fbbab6ab63,171,90,Geneva,2025-01-01 15:46:59,False,Snowy
9f373f08-5666-4a7f-a196-af3f3a132f04,159,138,Tallinn,2025-01-01 08:16:29,False,Rainy
9fd7d4b3-0daf-436e-a4db-92432fa611ea,122,135,Vienna,2025-01-01 11:12:03,True,Cloudy
11ff7712-25a3-4fb0-9652-8ee5d6ec5a2c,79,181,Tallinn,2025-01-02 22:34:13,True,Cloudy
13f13b77-4edd-4c24-a2e3-14b9ef37bff3,68,50,Stockholm,2025-01-01 11:35:53,False,Rainy
2f93f85f-0467-4c63-bb1d-bee5254465d5,151,49,Amsterdam,2025-01-01 21:03:40,True,Clear
a2f60a12-0e73-480e-a3c0-69c1c0002884,116,52,Budapest,2025-01-02 07:53:05,True,Rainy
f3e096cf-6124-4e32-8dfa-625cc42991db,99,160,Oslo,2025-01-02 13:29:17,False,Clear
bbc63236-c180-4d23-a3e9-318d32b0f6fb,97,99,Helsinki,2025-01-02 23:34:17,True,Cloudy
e9f429fa-6a33-4384-9c63-a194185bb54a,52,44,Brussels,2025-01-01 22:54:12,True,Snowy
ba098f97-2829-4720-b028-817f968632f3,115,51,Brussels,2025-01-02 02:55:53,True,Rainy
48f501b2-e494-4401-8ec6-49d6b3fb2bdb,155,180,Madrid,2025-01-01 10:32:09,False,Cloudy
417d93bf-41de-433d-80af-e7626381fb33,160,124,Rome,2025-01-02 10:21:58,False,Snowy
1d4fa5cb-e07d-4157-af1e-f20cb54a8273,89,156,Geneva,2025-01-01 21:45:14,True,Cloudy
e20856fb-e090-4bd0-9550-bb5e70e9593e,174,161,Riga,2025-01-02 13:54:57,True,Rainy
23e86a7c-415c-463c-a11a-6af9d73d4088,67,80,Helsinki,2025-01-02 13:41:59,True,Rainy
2bc3cb06-3822-4a36-afc1-b236d63b05a9,188,87,Berlin,2025-01-02 18:37:33,True,Snowy
6fbc176e-9430-4f29-a798-7a3d0ff8989b,68,90,Stockholm,2025-01-02 06:17:15,True,Rainy
7716eb39-a312-4266-8186-19fec96d9b48,138,157,Copenhagen,2025-01-02 10:16:24,True,Cloudy
045b7420-173b-4369-b09d-3553878a9a0e,184,135,Brussels,2025-01-01 05:51:18,False,Snowy
a7d2e987-b8de-4c51-a463-8f9abcae2578,106,115,Rome,2025-01-02 12:19:01,True,Snowy
bf89045c-d062-4abb-b733-0dbf52c7f5cc,179,85,Geneva,2025-01-02 00:01:48,True,Cloudy
3b014fce-8651-498b-91b9-e543b15658ae,87,139,Helsinki,2025-01-01 07:15:35,False,Clear
0f8acc32-25a1-466a-a009-4096b5b3253e,182,77,Tallinn,2025-01-02 10:55:00,True,Snowy
c1bd4dd6-dcd9-4829-9076-563e02500455,131,131,Zurich,2025-01-02 23:14:19,True,Clear
6faad0d2-1be4-47ff-afa4-5c2587bc1ff9,85,180,Geneva,2025-01-02 05:44:11,True,Cloudy
c8ad9c2f-0753-4d86-9113-ab3921ca29b1,137,189,Lisbon,2025-01-02 00:59:29,True,Cloudy
b1720eb7-36af-4d93-890b-3841e83ed031,168,169,Tallinn,2025-01-02 15:27:03,False,Snowy
e4d5ccaa-5d3e-4c7e-8ddf-bee5115182dc,134,132,Helsinki,2025-01-02 21:49:02,True,Rainy
fb987e76-688b-4f2c-bd10-ec266225f6cb,197,116,Prague,2025-01-02 15:31:06,False,Snowy
60e77594-ab76-4f44-8a2e-65dcfacad30d,182,52,Dublin,2025-01-02 19:52:40,True,Rainy
201afe06-15a9-46c0-ae00-b914abb3a6ce,73,96,London,2025-01-02 23:16:12,True,Clear
1f230d0c-fdae-409d-b4dc-cdf28d918c79,79,186,Athens,2025-01-02 10:58:19,False,Rainy
188ea5e4-f213-4fe4-94c8-fea4482afd17,77,176,Bucharest,2025-01-02 21:27:09,True,Snowy
0eaca5bb-866d-42fc-830d-c6041ff00049,158,155,Helsinki,2025-01-02 13:06:03,False,Rainy
fe60bcf8-c9d9-4f25-a9eb-c1988e772a11,184,134,Warsaw,2025-01-02 07:41:49,False,Cloudy
b2b83c4e-24a1-48df-958e-9a75b73cddba,84,169,Rome,2025-01-02 14:21:20,False,Clear
10c72d89-8b81-468b-960f-780265c7b593,168,118,Copenhagen,2025-01-01 20:05:43,True,Cloudy
d7a24689-33b4-4381-97ea-7ab14ac610f7,83,96,Prague,2025-01-01 14:08:08,True,Cloudy
34484a34-7752-42d2-898a-ead0fb214e07,152,134,Vienna,2025-01-01 06:30:51,True,Cloudy
07879b00-0f48-4451-b58c-1e9eccc5956c,166,96,Athens,2025-01-01 07:24:55,True,Cloudy
d3e343fa-c0cf-4746-9ea0-57115996a5b5,125,183,Lisbon,2025-01-02 03:43:20,False,Rainy
b928f671-8270-4c95-89d4-7096ea5b0698,103,146,Tartu,2025-01-01 15:31:51,True,Cloudy
a39eb694-2ed5-455b-aa11-9db8e9f587d8,78,118,London,2025-01-02 16:51:40,True,Rainy
fb8041cb-2da5-4fc9-bc61-44277951f891,187,173,Tartu,2025-01-01 04:24:26,False,Cloudy
039c8c18-e01e-4b11-912f-30dbb594c6ff,76,53,Bucharest,2025-01-01 12:43:37,False,Snowy
3805f538-50d9-43b8-ab5f-cc029d2235e0,62,66,Brussels,2025-01-02 07:14:06,True,Cloudy
392b9633-a7c8-45ba-9be3-4d9d4d43b35d,91,77,Warsaw,2025-01-01 16:05:18,False,Snowy
2a89ab6d-12b3-4b8c-9c5f-70eee2749770,70,186,Tallinn,2025-01-01 15:08:24,False,Rainy
40460565-b166-417c-b64a-92bd0c9974dc,180,166,Berlin,2025-01-01 05:16:48,False,Clear
77a8840b-a084-4771-87da-31be7d83895b,185,43,Paris,2025-01-02 08:23:09,False,Rainy
fff8e424-0d41-4063-8e1a-e5a88dd6fcc4,119,97,Athens,2025-01-02 12:22:53,False,Clear
e221b5fc-3200-4e6e-9f27-9402ef27d959,194,176,Amsterdam,2025-01-01 13:07:12,True,Clear
825bb3c3-8023-43d3-a418-757a6353ddc0,59,152,Vilnius,2025-01-01 10:09:29,True,Cloudy
1abb9bf8-76fd-4420-8694-e59915cd28dd,190,182,London,2025-01-01 06:27:45,True,Clear
be89f292-1902-45ed-89d4-cf8dd0b0e379,155,43,Lisbon,2025-01-02 12:29:13,True,Rainy
665a67cb-6e35-4540-a1a6-82c04320289b,61,91,Bucharest,2025-01-02 12:02:19,True,Cloudy
5444e6f5-fab6-4b11-ad15-afa5ab0a6ef1,177,185,Helsinki,2025-01-02 03:13:10,True,Clear
10a27728-3a45-4d40-b1dc-644fb420f00a,177,138,Prague,2025-01-02 22:28:25,True,Rainy
a4f1df66-4d1f-41c0-9619-0e3af1203e61,110,132,Dublin,2025-01-02 07:41:24,False,Clear
2a2d54b7-2c8a-41ff-9e29-cdd27d5fa4ba,75,156,Copenhagen,2025-01-01 17:06:46,True,Clear
79dae510-a8aa-41f0-a23a-fae0abda8bc5,64,43,Barcelona,2025-01-02 11:26:19,True,Cloudy
7a182556-92b2-4853-b722-38e29b448438,71,124,Bucharest,2025-01-02 00:12:27,True,Cloudy
3d06116b-f183-4c1f-a08f-1898c7ce0bb1,138,46,Vilnius,2025-01-01 12:58:44,False,Rainy
c79d80e1-6e8e-4a3f-a1ef-f913d5040e1e,114,164,Dublin,2025-01-01 12:33:50,True,Cloudy
54595d8b-36f4-4772-97da-f270d3619299,70,124,Oslo,2025-01-02 12:22:21,True,Cloudy
a57e657a-24f0-445a-b4d1-4e55266382d0,65,102,Barcelona,2025-01-02 14:40:43,False,Snowy
efb19163-5597-413e-b8ae-328d8d10f7f4,65,162,Zurich,2025-01-01 04:17:14,True,Snowy
6efa0c9e-d324-4c4b-8ff7-6c99550b6343,91,128,Tallinn,2025-01-02 11:56:33,True,Rainy
2ef09e5d-a78d-4c18-a433-c60ca8d97029,90,134,Warsaw,2025-01-01 10:33:47,False,Cloudy
9952e2f7-5058-46f4-ae28-75a2c3052cd5,157,158,Rome,2025-01-01 21:37:28,True,Rainy
7d0edd8c-807b-4ca3-a022-ebae4aa23ff7,174,83,Amsterdam,2025-01-01 07:14:09,False,Snowy
b21c4045-6d3c-4054-8f6b-5d5a3f558d45,62,141,Rome,2025-01-02 23:23:06,True,Snowy
83455438-652d-49c2-a3fa-f03484eb435e,128,84,Madrid,2025-01-01 17:11:48,True,Snowy
d004e06c-c997-43b0-bb32-6b34417df3fc,187,156,Budapest,2025-01-01 11:04:47,True,Rainy
eeedac80-e7c3-4fef-b044-0df0f72f1943,91,90,Lisbon,2025-01-02 07:11:55,False,Cloudy
d03a0f95-19a2-4e8f-bf88-25e2074d2332,170,104,Vienna,2025-01-01 11:46:53,False,Clear
933f71c5-a024-4c14-8c56-11f43fd5fcdc,180,93,Tartu,2025-01-01 22:51:30,False,Cloudy
a61a3541-11c3-41a2-a790-55977b2e884c,65,111,Tartu,2025-01-02 07:54:33,True,Rainy
abfd8370-9689-4e81-b69d-6d221b22c887,93,159,Lisbon,2025-01-02 16:07:46,True,Snowy
37187c0e-51ad-4f15-9b4f-75d7ace41d4c,170,182,Athens,2025-01-02 18:07:55,False,Clear
81941b1e-77fd-42df-a463-97749c46a9f7,73,58,Budapest,2025-01-02 14:13:53,False,Rainy
16b6ee59-8b10-4027-a91d-2b07f27278ac,75,49,Dublin,2025-01-01 15:59:27,True,Snowy
87668524-614d-465a-9c16-f6b129323738,107,55,Bucharest,2025-01-01 11:57:10,True,Rainy
dd8cb10c-28cf-47fa-9980-317839c44aba,58,147,Athens,2025-01-02 09:12:33,True,Clear
ee0d3d04-0699-42bb-97da-b9d76500dc4f,175,55,Bucharest,2025-01-01 10:06:35,True,Snowy
53c283cc-03b8-4426-ba67-80a155fca84a,68,119,Bucharest,2025-01-01 12:47:35,False,Cloudy
f360d36f-7b5e-4031-be0b-49f3ba414666,77,67,Athens,2025-01-01 12:43:27,True,Rainy
c1585504-ae6c-43c7-943c-bda6eaeedcbc,184,187,Brussels,2025-01-02 13:19:41,True,Clear
fe67f9e4-fc21-40d4-b9db-e0a5698048db,94,48,Zurich,2025-01-01 20:02:08,True,Cloudy
7bd33430-2cc7-4db1-9a9b-b6b7229be4fe,177,143,London,2025-01-02 23:25:01,True,Clear
0eecac48-6ac3-4275-a638-76599304ec50,143,177,Riga,2025-01-02 20:09:14,True,Rainy
2a9b3ab0-8fdd-43c4-b1f3-8fe4d7822df1,65,84,Vienna,2025-01-02 09:32:59,True,Clear
c14a4109-72cb-4b8f-8631-bcc2dde8c046,54,148,Athens,2025-01-02 02:20:25,True,Snowy
8d0e3df8-0ef3-4dd6-9b7e-83fd980af978,101,182,Paris,2025-01-01 16:08:59,False,Clear
502f3ea6-334d-4e42-850f-3ba924eed6de,55,69,Stockholm,2025-01-01 08:17:58,False,Rainy
9c41dc59-aea7-4f30-9df6-eae222b04ff0,98,87,Tallinn,2025-01-01 04:36:57,False,Snowy
aac653be-adb2-479c-8567-e482e21f5aa8,129,130,Warsaw,2025-01-02 01:10:27,True,Clear
b26e7c68-8044-4cc0-8ce0-2df327835a88,147,130,Geneva,2025-01-01 00:29:37,False,Clear
15e4f6bd-6c69-49c4-a248-6a75221c1970,156,113,Madrid,2025-01-01 06:42:05,True,Snowy
dc71bb54-fadd-4314-bc7b-7574972e12ff,86,83,Madrid,2025-01-02 05:43:14,True,Cloudy
5f07eb3d-e8f0-43fa-9b71-c4993bd6201f,165,173,Stockholm,2025-01-02 12:24:55,True,Cloudy
51f64b98-0a66-411e-a39a-7d7ac7facb5e,66,156,Vilnius,2025-01-02 18:57:24,True,Snowy
fc99b80c-09d9-40c4-a754-50099011fb72,81,63,Oslo,2025-01-01 03:16:11,False,Clear
0dbe4c48-610c-4f50-9184-11936971f7ef,74,46,Riga,2025-01-02 10:30:08,True,Cloudy
a3fce8fc-21ad-4f28-ba18-3c8e4cc6d4c3,71,45,Barcelona,2025-01-02 12:53:55,True,Snowy
8bc810e7-1374-488a-b5e7-174708231ee8,110,157,Zurich,2025-01-01 16:57:19,False,Rainy
60c81a38-c3d6-4e9b-ad50-f398f746038a,175,124,Vienna,2025-01-01 01:53:25,False,Clear
14273c6b-a2d5-4849-a377-7ba3e4e8c50d,93,149,Helsinki,2025-01-02 08:12:57,False,Rainy
63ab66ac-41fe-4342-ad40-60f6eff8a2f0,151,184,Lisbon,2025-01-01 18:39:05,True,Clear
4ab9e9b2-c0d4-41f2-af55-f6fe2ba80aa6,69,70,Warsaw,2025-01-02 06:45:21,False,Cloudy
c639b40b-aeb1-4f55-8145-45dedd443070,158,178,Zurich,2025-01-02 23:04:12,True,Rainy
9eac4d9b-59b0-419d-81e4-b8d45df9481d,137,172,Amsterdam,2025-01-01 12:03:32,True,Rainy
e36a1519-f16e-4e53-98f8-2273b918a727,96,103,Barcelona,2025-01-02 16:52:28,False,Snowy
25603f97-b47f-4b93-8ac3-6991fa60eb85,100,115,Prague,2025-01-02 07:06:28,False,Cloudy
3dd301fb-17b3-44cc-a6f0-1265f1608838,88,170,London,2025-01-01 02:51:28,False,Cloudy
dfaf8f7e-1a3a-40d1-88cc-365b040daaec,63,95,Budapest,2025-01-02 03:06:46,True,Clear
c5ac92e1-376b-4b8d-92af-1ad62fdb8cf5,70,102,Brussels,2025-01-02 12:54:17,True,Snowy
6df8a5bb-044c-4938-ac4e-83b88120b2de,192,144,Copenhagen,2025-01-01 14:28:51,True,Snowy
ff408b10-5044-4492-8759-bc58f78fe551,149,77,Budapest,2025-01-02 00:11:50,True,Clear
304948b2-f26d-4551-aed1-fd1617580420,146,93,Bucharest,2025-01-01 17:31:23,True,Rainy
dfe2ccb9-e8a2-4b41-8fd0-9dec633d26a9,50,169,Lisbon,2025-01-01 14:35:49,True,Clear
819a7aff-9778-4617-aec0-e842a70ce8ad,158,41,Bucharest,2025-01-02 01:29:31,False,Clear
74776ca3-922a-41c4-ac3c-d76b6ca563b2,131,179,Stockholm,2025-01-02 18:04:47,True,Clear
b21f694e-3269-443f-b3fa-2ffbc0cdf45b,187,79,Bucharest,2025-01-01 00:34:05,False,Snowy
0aee5119-e0ef-41c2-96d0-e44a03539e85,67,41,Geneva,2025-01-01 23:01:14,False,Clear
87a54823-c4b4-4a59-89d0-0e7e0e6ced88,107,144,Lisbon,2025-01-01 14:50:41,False,Clear
8878e442-a658-43bd-8ab4-6a870b55a95a,175,164,Berlin,2025-01-02 14:53:17,False,Clear
4aa4ce78-0c58-40f8-876b-6d247f06e957,122,119,Madrid,2025-01-02 16:27:43,False,Cloudy
5cdd1cc6-8b68-49e9-9330-a326c065abdd,159,86,Geneva,2025-01-02 23:38:16,True,Rainy
be373353-29b5-4747-aff2-b80dd6ce1390,101,171,Tallinn,2025-01-02 06:36:08,True,Rainy
87ca83e4-59f2-4b88-a22f-c89645f788f5,95,130,Bucharest,2025-01-01 15:45:07,True,Rainy
17cabcc1-42eb-4fff-9a73-1124b378f6ad,156,140,Bucharest,2025-01-01 17:01:55,True,Rainy
2b3a7d1a-d5c3-4895-b0b3-89f22d5c6783,62,169,Tallinn,2025-01-01 05:21:30,False,Snowy
b1baf87b-919b-4e31-a4c8-9be5b3beff1d,145,54,Vienna,2025-01-01 10:28:26,False,Snowy
6f645197-4481-4244-b0fd-148ac935672c,66,88,Tartu,2025-01-01 20:53:44,False,Clear
96d146f0-8964-4622-80b7-5846eb49d35c,116,151,Athens,2025-01-01 08:59:56,True,Snowy
2694c651-d389-452d-8bfd-d2cc8fff8222,110,74,Amsterdam,2025-01-01 05:13:47,True,Rainy
7b0205fa-caa1-4a13-bc09-b62b9850d55b,114,155,Dublin,2025-01-01 20:19:49,True,Cloudy
24e616d6-6121-4687-9b25-452c08205189,182,133,Warsaw,2025-01-01 20:39:24,True,Clear
1d06f2d2-a0b8-4b57-9698-c6f20ecc7d24,138,63,Barcelona,2025-01-02 20:51:51,False,Clear
4be1cde4-b565-49cf-9d27-9ee9008f423c,105,99,Geneva,2025-01-01 17:56:43,False,Rainy
a8de7eb9-f413-486a-96b6-c5d97357c669,54,116,Tallinn,2025-01-01 09:52:48,True,Rainy
aef5a310-45a0-4807-87f0-b0dac487f312,150,87,Amsterdam,2025-01-02 14:45:11,True,Rainy
7a492110-8d3d-490b-b913-af92eea32849,136,179,Vilnius,2025-01-01 22:17:43,False,Snowy
5742e9c8-6c29-4e37-bb69-a363aa72f6b6,110,80,Stockholm,2025-01-02 10:54:49,False,Clear
fc981bb3-3f64-48c6-b0b9-9938a505857f,118,167,Athens,2025-01-01 20:53:48,False,Rainy
90377e17-2eb8-4fea-ba93-8e48c0e2eaa4,112,70,Lisbon,2025-01-02 23:29:45,False,Cloudy
c0bb6d8a-ea9f-439c-9d6f-6fdc752113bf,93,188,Helsinki,2025-01-02 19:29:56,True,Clear
fa485b2e-dd5b-41d6-bc0c-a8f779f84090,77,63,Madrid,2025-01-01 06:00:42,False,Clear
1d705d91-3756-4ff2-b8ea-fc73b1c3fcde,62,48,Bucharest,2025-01-02 07:34:43,False,Snowy
1e8af80d-8836-452d-bd85-f3b0e8cfa99a,79,189,Amsterdam,2025-01-02 00:03:40,False,Clear
3e89b7ea-8ef2-46b9-861c-170b116d3ddf,112,171,Budapest,2025-01-01 11:09:23,False,Rainy
e558abad-8756-4f26-b2f5-6297597bf4c2,122,116,Stockholm,2025-01-02 09:16:03,True,Rainy
16ce878d-2dac-498d-9ed4-6680d966217c,106,170,Athens,2025-01-02 12:37:02,True,Cloudy
b901d999-c648-4bf0-9fa4-6c6c8d1a5188,113,159,Dublin,2025-01-01 22:04:33,True,Clear
0c0811bf-810c-40e4-b8dc-c4b5422181a7,101,129,Rome,2025-01-02 03:17:05,True,Clear
6ed7189e-b7de-49d4-9b92-a87d28547f52,112,156,Stockholm,2025-01-01 16:23:13,True,Snowy
50fb9c95-4d82-42f6-8919-e78bac3494fb,190,149,Vienna,2025-01-02 06:50:23,True,Rainy
a36f3832-3b88-41f1-a1a4-09cb239aa1cb,142,160,Brussels,2025-01-02 17:01:24,False,Cloudy
d96719e1-9b03-4eef-9cc1-2e8bbd28359f,156,137,Rome,2025-01-01 11:46:15,False,Rainy
fff5d54d-75ab-4750-8ec9-1e9c6162f53b,158,54,Zurich,2025-01-01 05:13:23,False,Clear
7a3bc646-86f1-4c61-bdfd-043c2dfc5daf,137,175,Stockholm,2025-01-02 04:57:02,False,Clear
ff71496c-51d0-4bf3-9305-ca22e155af33,94,91,Madrid,2025-01-02 20:04:45,True,Cloudy
65ffbcaf-77c8-405b-9474-e5123364e027,157,94,Amsterdam,2025-01-02 09:09:47,False,Clear
4977d47a-7d2b-4b62-81f1-e14d86dfb88f,95,76,Bucharest,2025-01-01 21:44:44,True,Cloudy
02ccea2d-a805-44c4-8517-f1245a6346c4,126,171,Bucharest,2025-01-01 15:53:10,False,Cloudy
4ed8b1be-763d-4bdd-ba1a-959af26a300b,95,94,Amsterdam,2025-01-01 20:04:02,False,Rainy
c07985e4-cb97-4e90-9e31-1719c12d3369,178,51,Geneva,2025-01-02 23:16:52,False,Cloudy
1deab8d0-5897-4959-94a4-be7c45266088,141,186,Vilnius,2025-01-01 06:10:24,True,Clear
de20fcbf-8068-46a5-89ac-81d0a63a4a46,61,76,Oslo,2025-01-01 21:03:34,False,Snowy
ae3bfb74-2af5-4cb1-8ca9-1e5399b341d2,137,46,Tallinn,2025-01-01 18:55:30,True,Snowy
c65d7bc3-d4f7-46c9-8067-96a64ad44946,122,94,Stockholm,2025-01-02 23:54:11,True,Clear
cd84d162-44c4-4aed-9119-264b3c746658,151,67,Lisbon,2025-01-02 05:02:09,False,Snowy
3076ba7d-063d-4132-bb38-0d48d11cb67c,148,76,Bucharest,2025-01-02 20:39:23,True,Snowy
210ee118-3d9f-43f0-8328-52720490957c,107,114,London,2025-01-02 04:28:15,True,Cloudy
9a96aaad-e445-4128-ad5d-ee2e19b84821,177,153,Athens,2025-01-01 16:03:46,False,Snowy
d3fdf96d-11f2-4883-9dbe-5134870baed0,166,145,Stockholm,2025-01-02 17:33:26,False,Snowy
cc8cb7ad-f333-468a-9d52-5abb26b2c32b,84,149,Oslo,2025-01-01 12:27:38,False,Snowy
df32883e-6fd9-4287-8a4d-831211e34ec0,133,123,Tartu,2025-01-01 13:02:47,False,Rainy
f3c3375a-4308-46a9-bc86-d5692dc7e6c4,115,50,Zurich,2025-01-02 19:18:59,False,Clear
0bc109c9-49e3-4b64-b865-02f69a96a20f,75,105,London,2025-01-02 06:53:49,False,Cloudy
db1b7503-de0c-476a-bea8-2cfa32ee67bb,91,52,Bucharest,2025-01-01 03:00:54,True,Snowy
c6e57972-e663-4cae-8577-3635888f93e8,126,54,Budapest,2025-01-01 20:38:33,False,Clear
a4f1ed42-7cd8-432c-b849-45e15412222e,79,95,Bucharest,2025-01-01 14:11:48,False,Snowy
c7d7912e-4dd3-4ea4-91d4-fc9ca39b5d29,165,92,Tallinn,2025-01-02 17:52:15,True,Rainy
be6a1261-d315-40a2-80c0-40c6197d1297,85,100,Copenhagen,2025-01-01 21:37:06,False,Rainy
2d082004-f28a-4b7c-b4b6-bc1b1e782d6c,68,167,Stockholm,2025-01-01 07:44:37,True,Snowy
6fc2d34d-11e8-420e-8bc2-5d7fffc76387,71,81,Barcelona,2025-01-01 21:50:30,False,Snowy
3816f902-2c4c-4203-916a-42af1dc7cdcb,114,68,Oslo,2025-01-01 08:44:26,False,Snowy
efa9d897-2148-488e-ab84-0f775c6c5866,106,83,Amsterdam,2025-01-01 07:48:51,True,Rainy
3d19ca14-8a35-4a61-a88e-ef541d68c5b5,60,172,Copenhagen,2025-01-01 22:19:12,False,Rainy
21e7da4f-1297-4bd2-ba84-70fe4042cfe7,75,152,Amsterdam,2025-01-02 23:52:37,True,Clear
c9c25647-c993-4cb5-ab7b-c9197b956547,68,145,Lisbon,2025-01-01 08:37:51,False,Cloudy
e6b96346-8352-4b99-8ddf-c14712555e8a,132,77,Tartu,2025-01-02 21:43:49,False,Cloudy
7c7faaf0-bbe0-4a98-86e3-a700bb02df30,189,154,Brussels,2025-01-01 22:57:00,True,Rainy
69049c77-8530-4eda-be7a-37199bce39a8,116,169,Zurich,2025-01-01 14:41:20,False,Cloudy
2961d7c0-60b8-43f5-b542-a8d356f4c2f5,105,148,Copenhagen,2025-01-02 14:38:13,False,Snowy
2ba647c7-071b-4e07-96d8-722d10225150,67,123,Madrid,2025-01-01 05:09:01,True,Clear
56a1e0f0-71ef-4b0c-909d-b2f7a0937ece,162,85,Prague,2025-01-02 12:58:46,False,Rainy
9f272565-ab77-4525-baf5-e8cba918be76,54,131,Helsinki,2025-01-02 15:29:28,True,Rainy
cfc41bc6-1a57-47e1-92d7-12fa14affffc,161,144,Tallinn,2025-01-01 11:59:34,False,Cloudy
da1d6bff-7066-41dd-bf0c-98b9efccad29,164,111,Tallinn,2025-01-02 08:04:30,True,Snowy
16d3d19e-28b3-4ec5-a2ba-3995e85496b8,116,178,Budapest,2025-01-01 10:10:29,False,Clear
689606e6-b232-47b1-b6fc-9322fe978dbc,119,68,Paris,2025-01-02 04:55:00,True,Cloudy
fe5a53ec-a18a-4735-a618-1a26ca26a910,101,86,Stockholm,2025-01-01 01:41:17,True,Rainy
c5b6c25b-8401-4545-95a8-650b5cfe5da6,176,150,Madrid,2025-01-01 09:27:54,False,Rainy
2a479939-265d-4f7e-9fba-30906616815b,114,46,Helsinki,2025-01-02 04:50:53,False,Cloudy
f8ee757c-3822-4f54-bad8-dc282ede6643,129,156,Tallinn,2025-01-02 21:49:00,True,Snowy
8071e89e-c119-44e4-b507-5d693690cd5f,162,103,Tallinn,2025-01-02 17:55:02,False,Clear
778cc165-797d-42c6-9b47-312d4f822ad4,160,121,Warsaw,2025-01-02 06:30:11,True,Clear
29dc5050-822b-4565-98ac-b45bfbafa86b,102,103,London,2025-01-02 22:08:04,False,Clear
7ff75542-3634-4573-92ce-2dbe8862e9c0,186,131,Paris,2025-01-01 21:39:12,False,Clear
7ba990e5-d72b-4785-b655-d7a5edd1f6cf,182,51,Madrid,2025-01-01 14:45:00,True,Snowy
692b59a1-dc1e-4dac-af7f-8f1d2262961d,165,51,Barcelona,2025-01-02 08:54:27,True,Rainy
3abe2334-3d68-4d15-b2e4-05ac7422001b,121,75,Madrid,2025-01-02 08:29:34,False,Rainy
d6391302-ddf9-40c0-83f5-6a89a2192541,70,68,Rome,2025-01-01 08:31:37,False,Clear
1057750b-8679-4a15-b188-6d2096256c85,152,178,Tartu,2025-01-02 19:39:05,False,Clear
5ad94dc7-31c7-4f29-9ca2-4be4f098631d,156,124,Budapest,2025-01-02 05:55:56,False,Clear
2e80f4a9-dfed-4def-8f72-7eb7755ea289,112,113,Prague,2025-01-02 02:25:39,False,Cloudy
4aec1d25-b5d6-42c6-aa95-6da553d5afeb,197,86,Helsinki,2025-01-01 19:59:23,True,Cloudy
e94436cd-9fe4-4327-b3e9-6df40950e018,199,120,Lisbon,2025-01-02 04:33:09,False,Rainy
2478ca53-65d4-4549-9a38-a5953d9127a5,126,160,Brussels,2025-01-01 15:19:29,False,Rainy
3af84c26-d3c8-4fa2-bea5-32c88bbbf55c,124,82,Bucharest,2025-01-02 07:21:27,True,Clear
e99164c0-31b2-48bd-9fed-9568717271f2,112,185,Warsaw,2025-01-02 01:57:55,True,Cloudy
5a34390f-419e-4264-a435-d3456505431d,116,113,Bucharest,2025-01-01 09:32:35,True,Snowy
e5bc39c8-b904-4e33-a8f3-dcb1ab3573c5,85,92,London,2025-01-01 00:44:43,False,Cloudy
410592b7-ea76-410d-82da-ed170deb7ddb,183,78,Bucharest,2025-01-02 03:24:28,True,Rainy
b2af0a23-b157-4a4e-a30d-27822c214c78,86,146,Tartu,2025-01-01 20:48:43,True,Cloudy
df0532dc-6958-477f-ac59-08e659cf2160,142,76,Budapest,2025-01-01 05:52:57,True,Rainy
cea4d69f-4338-44f2-9d82-f11693b3bd54,124,136,Berlin,2025-01-02 18:24:07,True,Clear
7c89d703-777c-4ce2-b839-e07cfeada1d4,164,88,Vilnius,2025-01-01 23:48:05,False,Snowy
aa7af505-0d6a-4645-8a22-4ee521798aaf,126,167,Oslo,2025-01-01 12:33:45,False,Clear
ab5def46-63d9-4efb-84f5-5b03b2493592,62,49,Bucharest,2025-01-02 20:12:39,False,Clear
77c88192-6784-4e99-b7ef-576d993852ec,87,79,Geneva,2025-01-01 09:51:58,True,Snowy
148469e3-f631-4c05-853d-d6586325ec24,197,185,Prague,2025-01-01 04:58:27,True,Snowy
17a843e5-9f09-459d-9adf-52b090e4b873,66,145,Barcelona,2025-01-01 09:58:21,True,Snowy
9da45892-9457-4fc2-8adc-d34c9014307b,172,80,Paris,2025-01-02 02:33:37,True,Rainy
3f6ff228-e415-4ac6-823b-e023a1e3cc37,163,41,Copenhagen,2025-01-01 04:27:46,True,Clear
f6826b87-66ba-401c-832f-022f8bb1d92f,75,92,Oslo,2025-01-01 11:09:11,True,Rainy
a964cb7d-1ac5-41c4-8f9e-387528b342c8,81,186,Dublin,2025-01-02 10:17:24,False,Snowy
4bcd81af-049e-47da-be26-da147089fcc8,135,65,Geneva,2025-01-02 21:51:57,False,Rainy
abad6291-630c-4bcf-b598-b79b73491727,147,93,Dublin,2025-01-01 13:23:35,True,Snowy
20e67008-3a85-4941-8ece-346ef3d60632,140,90,Oslo,2025-01-01 22:24:04,False,Cloudy
cc734af7-536f-4cfd-ae8b-25527d350726,170,153,London,2025-01-01 05:28:21,True,Snowy
66abe475-185c-40d4-8bdf-de6dcaf1be9a,106,56,Stockholm,2025-01-02 20:15:34,True,Clear
6d67e165-7ad3-4898-bf97-05b5e80c45f7,156,159,Berlin,2025-01-01 12:09:09,False,Clear
773ff768-8e91-4be0-9f8a-9a1ce970b0a8,71,85,Copenhagen,2025-01-02 21:48:43,True,Clear
f9140265-a299-407f-8cb7-cf1857eb6541,161,94,Helsinki,2025-01-01 02:20:09,False,Rainy
f5f1a0aa-a686-47fa-8277-79348b603ee9,134,89,Brussels,2025-01-01 12:08:26,True,Clear
bab94203-603c-4aec-9c28-c66e0bbb1671,129,114,Helsinki,2025-01-01 15:01:35,True,Snowy
114f830d-299a-49d1-b17f-47533eaa406f,122,50,Amsterdam,2025-01-01 13:36:19,False,Cloudy
c89f60e2-aee2-46fa-b217-2ee93bcfab44,126,179,Oslo,2025-01-02 06:35:02,True,Clear
7cad39d7-693b-4476-8477-4cf312827743,123,87,Prague,2025-01-01 23:38:17,True,Rainy
38410e73-973d-49a7-a69c-a05499509c72,176,160,Brussels,2025-01-02 15:30:08,True,Cloudy
c68931d2-d25d-415b-b65a-0eb8cb1aa0a7,170,95,Vilnius,2025-01-01 10:32:05,False,Clear
c9965ce9-a0bb-4b52-a4e3-e05e087a317b,134,47,Copenhagen,2025-01-01 02:04:56,True,Clear
d64f4f5d-f72b-4c18-92d3-33665964384d,199,53,Lisbon,2025-01-01 06:39:31,True,Cloudy
6624e821-1f84-4964-8c12-273a1e28bb42,131,153,Stockholm,2025-01-01 21:58:09,True,Clear
65ba0fda-4131-4621-a0ce-b02e85163298,70,93,Madrid,2025-01-01 09:23:42,False,Rainy
e530942c-a4cf-434a-8fde-251e23939aef,191,56,Brussels,2025-01-01 13:18:52,False,Snowy
93850908-be00-4382-b12b-d95feaf0bd25,123,172,Lisbon,2025-01-02 09:31:40,False,Snowy
0814b638-e1a3-4858-96e8-344fa3249bf6,58,170,Barcelona,2025-01-01 14:04:24,False,Cloudy
e39226a8-5805-41fb-a211-f276a39cf0a9,195,48,Lisbon,2025-01-02 11:57:39,False,Snowy
2d496ba1-7e01-4d50-b32a-775d30430218,62,161,Dublin,2025-01-02 23:47:01,True,Clear
6c4dcace-627f-4832-a068-9d986d8450e5,66,153,Helsinki,2025-01-02 04:03:24,False,Clear
96307768-258d-4c26-ba85-ae69fd502c60,175,59,Berlin,2025-01-02 19:22:00,False,Rainy
8486b599-a299-47a2-a739-3b6b550334f2,136,122,Brussels,2025-01-02 20:40:27,True,Snowy
b9dcd95f-4603-47f6-9cd7-a5629d5dc031,65,60,Brussels,2025-01-01 09:04:35,False,Cloudy
35cccf06-e9a0-46f6-b68c-d110c9a30803,73,72,Zurich,2025-01-02 02:30:26,True,Clear
346504e5-d4e7-44d8-91b5-8c64aa21e821,124,172,Amsterdam,2025-01-01 13:25:28,False,Cloudy
3df84b13-f721-48a4-bf67-c5e23e29eae4,152,65,Dublin,2025-01-02 23:16:41,True,Clear
030cae45-7171-4d84-9f2f-46227415cb6d,135,147,Athens,2025-01-01 08:40:54,True,Clear
bc7fdf91-7020-4e88-8089-c977e535c947,154,128,Barcelona,2025-01-02 23:44:05,False,Rainy
cb91ad06-23a8-47d6-b3aa-8efd846504ce,91,131,Budapest,2025-01-01 07:59:06,False,Snowy
5087d684-6761-48c9-b20a-5a12cdca25b0,67,72,Brussels,2025-01-02 12:16:24,True,Rainy
1e9fef43-e68c-4cfa-a926-29712652bf2e,127,57,Oslo,2025-01-02 13:16:05,True,Snowy
22afd3d0-b820-493f-9280-7eae1f5b23da,141,57,Madrid,2025-01-02 01:24:10,True,Cloudy
b8226b0d-d1a0-44b1-95d7-d546fec54bc6,60,72,Berlin,2025-01-01 10:17:34,True,Snowy
dd72cf93-20ae-4e39-9b30-29d7a0823940,175,66,Budapest,2025-01-01 06:17:40,True,Cloudy
13f24773-cd4f-436f-91ef-2a39f3c17953,146,88,Madrid,2025-01-01 21:38:56,True,Clear
90c2f8ec-9f0e-4836-b053-a879cbc0851c,102,182,Berlin,2025-01-02 22:58:45,True,Cloudy
83dcedf8-f88c-45c4-bb7c-b92f129fe06a,132,147,Vilnius,2025-01-02 07:41:03,False,Cloudy
813ad56d-122a-474a-84e5-d9d700643f48,96,107,Rome,2025-01-01 10:53:40,True,Clear
189728fe-92d6-4922-8523-c2afa5178a52,101,138,Zurich,2025-01-02 08:41:08,False,Cloudy
eb78361c-b6ef-428b-b70a-1fc9af5afaab,106,58,Budapest,2025-01-02 05:58:55,False,Cloudy
a845ca24-99e9-4888-b667-53ec0dbbe86f,124,64,Bucharest,2025-01-01 20:03:24,True,Clear
d4e02ff7-eb3b-4e3a-b0e1-d6b74ca7ed58,108,143,Vienna,2025-01-02 10:37:15,True,Clear
d96f6289-b405-4030-9725-575f92b42d03,118,115,Amsterdam,2025-01-02 17:11:38,False,Clear
78c5c701-27d5-4dcd-8e00-c12dbd313907,135,115,Geneva,2025-01-01 07:12:40,True,Snowy
ba3d5d94-dfb2-487e-a2e3-9e5e2243cb4c,195,145,Stockholm,2025-01-01 07:15:26,True,Clear
96559176-0929-4a8d-b7f5-8237cdbef0e3,120,72,Helsinki,2025-01-01 03:29:41,False,Clear
8d09efef-8162-4971-aef7-74c998a475cb,82,76,Madrid,2025-01-02 18:49:57,False,Cloudy
3b5d12ce-a8e5-46cc-9dbc-e4179e4db74d,52,131,Dublin,2025-01-02 04:03:52,False,Rainy
c7c3bc3f-7c7c-44b0-9fde-40f43ae26b97,77,163,Zurich,2025-01-02 00:35:24,True,Rainy
52a0d5e0-84f7-4af9-b051-1439a490113b,50,82,Geneva,2025-01-02 10:41:09,True,Snowy
86a638cb-d1dd-4c59-b37d-6dd8bc56295b,175,165,Oslo,2025-01-01 17:37:39,False,Snowy
643aecf3-6ca3-4082-8322-10761f97b0a7,162,48,Geneva,2025-01-01 17:59:40,True,Rainy
3e711cf9-cb4b-4a49-8b6e-d7110ec09317,96,53,Lisbon,2025-01-02 14:48:08,False,Rainy
fc2fd47c-ffdc-4a9b-bbb7-4096789e5080,86,170,Amsterdam,2025-01-01 14:38:44,True,Clear
ecfe45c1-ce27-41b0-8287-4e2ab00d73fc,135,108,Dublin,2025-01-01 07:04:47,False,Cloudy
6b8b9812-6f6c-483c-bef9-950fbf31a3a0,97,65,Vilnius,2025-01-02 06:12:24,True,Clear
266deb68-04c2-4be5-a7ab-61665fe65c68,157,166,Barcelona,2025-01-01 06:21:35,False,Snowy
7010d902-0e35-4575-a7ae-fce547d0279b,68,92,Geneva,2025-01-01 06:52:24,True,Rainy
8feb90ff-f4c9-4047-8038-4017cbc63a8c,191,80,London,2025-01-02 16:32:26,True,Snowy
c248ed74-3f15-4c3b-8ea4-9830d333034a,132,121,Bucharest,2025-01-02 19:02:45,False,Clear
63c358b2-6572-48ac-b2c4-ca39f9a206a5,114,141,Vilnius,2025-01-02 08:08:13,True,Snowy
60b07f62-25b0-469f-8da7-f21a3c63f11d,75,60,Rome,2025-01-01 12:58:04,True,Snowy
0eff7246-70b6-421e-9c52-2f61b6dfa1b4,187,160,Bucharest,2025-01-01 04:34:46,False,Cloudy
cba023d9-0de8-414b-b797-831e6c3f86f6,148,78,Stockholm,2025-01-02 14:19:25,True,Snowy
20a36fa0-5fb8-48c4-922b-bf0888101a30,126,108,Helsinki,2025-01-02 17:39:56,True,Clear
71ecfa04-c5dd-4eb8-ab5b-230f73e234c0,119,114,Lisbon,2025-01-02 23:53:44,True,Cloudy
3b1176c2-11a0-4006-8bba-4eb10ee9b01c,92,101,Paris,2025-01-01 19:18:01,False,Snowy
39210227-c82d-45d2-beb4-76006f336cef,119,84,Paris,2025-01-02 22:51:46,False,Clear
a756a8cb-7ef8-49e5-9da8-26bad74699a5,108,66,Prague,2025-01-02 04:35:06,False,Rainy
fe32e132-c7a4-453c-a136-7d81fb27afef,52,155,Vienna,2025-01-01 12:02:04,False,Cloudy
8e576aa6-9a20-4ea9-9873-65a624c87132,182,181,Madrid,2025-01-01 00:54:29,False,Snowy
672a813b-f853-4f65-bc73-91b1bef9de40,134,80,Berlin,2025-01-02 14:19:26,True,Snowy
1470f159-a212-4909-9357-9b792318cdfb,144,145,London,2025-01-01 16:33:31,True,Cloudy
d1f67285-2d88-4807-aa08-74b10daf2066,127,113,Bucharest,2025-01-01 17:30:12,False,Clear
068a8f36-f0f1-4498-85c3-601e644a8227,150,99,Madrid,2025-01-01 18:38:10,True,Snowy
37b72e0e-8e13-49a4-8934-5a891bf6e1b2,132,81,Brussels,2025-01-01 03:17:54,True,Clear
45c3004c-8af3-46e7-96c1-5e7609dc92cc,133,161,Riga,2025-01-02 06:38:01,True,Cloudy
54ddfd94-d0eb-4293-8be7-4015bfb062e3,170,50,Vilnius,2025-01-02 05:48:14,True,Snowy
1c7688db-05ee-43be-81cd-dc0d1604b22e,184,186,Rome,2025-01-01 11:55:52,False,Rainy
4781bf26-636c-4def-bb78-ef5fd4baa793,102,157,Barcelona,2025-01-01 17:14:05,False,Rainy
f18af5dd-6fbb-41c0-986e-d1536e16d22b,163,104,Warsaw,2025-01-01 09:26:38,True,Rainy
e535ad1a-d02b-4c42-a703-3f6eddff458a,55,86,London,2025-01-01 11:11:11,True,Cloudy
30bb4aed-12c9-40f5-b2cf-4d25ed0edaae,184,53,Berlin,2025-01-02 20:08:53,False,Snowy
755855c8-c639-4b80-9aa3-a2d7ea252e6f,67,106,Prague,2025-01-02 07:30:32,True,Cloudy
0f097839-4f7b-4529-ab1b-4d5811f35823,103,148,Bucharest,2025-01-02 07:46:56,True,Snowy
df5d37f2-6af8-4531-9137-25b3498d4061,176,49,Tartu,2025-01-02 14:57:29,True,Rainy
3eaeef51-22f9-4956-a2f2-14b80a80eacc,74,163,Stockholm,2025-01-02 03:44:34,False,Rainy
33469917-f9b0-4188-acb2-2dca4faada76,112,56,Stockholm,2025-01-02 13:43:12,False,Clear
dc051f63-e82f-47fe-b0e5-a2e420da350f,164,182,Riga,2025-01-01 03:19:03,True,Cloudy
4afeb845-2065-4e65-b7dd-c09fe76e9421,190,136,Budapest,2025-01-02 07:41:42,True,Cloudy
d2c5ce8e-78fe-4eec-a0fd-e89102569fe3,100,96,Warsaw,2025-01-02 23:41:56,True,Clear
bc25ed65-189b-493c-9519-1cf4acbeb2da,77,177,Amsterdam,2025-01-02 19:03:30,True,Rainy
e218546e-13f6-4883-be38-304f4b03c305,122,110,Barcelona,2025-01-02 02:07:08,True,Rainy
07a56dad-79dc-47dd-8fcf-aa4699d08f79,121,136,Tallinn,2025-01-01 10:01:01,True,Cloudy
95236d78-24a8-46ff-b428-dc47e7b7383a,134,56,Athens,2025-01-02 23:35:52,False,Snowy
6bd471ec-c32f-4ff4-a516-037354d3a2e7,159,115,Zurich,2025-01-02 00:01:19,False,Rainy
7f660868-50a3-4ad7-b49b-c4ac23073731,79,56,Brussels,2025-01-02 21:45:17,True,Clear
7d9352ae-e715-489a-bbde-23230bd94998,58,150,Vilnius,2025-01-02 18:08:28,False,Clear
f30e29f9-3796-4e34-815d-b7d04ffbb776,190,159,Dublin,2025-01-01 05:41:37,True,Clear
069f985b-8412-4adc-980d-13baddb2a689,131,183,Barcelona,2025-01-01 09:33:42,True,Cloudy
0f316dee-c2a3-402f-b244-5dc79a207627,113,158,Oslo,2025-01-02 01:39:20,False,Cloudy
5640e427-18cd-4301-879b-db0215d651a1,87,117,Oslo,2025-01-02 15:23:44,False,Cloudy
090484f2-3bcc-4bc2-a095-0a9973f0a9d9,168,42,Riga,2025-01-01 01:55:42,True,Cloudy
2cbfc677-612d-4b3d-908a-2b6a3f0c05dd,71,147,Budapest,2025-01-02 03:09:22,True,Clear
bf789b40-8623-48e5-bd58-fa0caa78d1b7,148,90,Madrid,2025-01-02 20:43:42,False,Clear
a83ebc34-e5aa-42db-8933-569a5d338f13,155,153,Athens,2025-01-02 09:55:12,False,Cloudy
038be841-674f-4600-b310-fd4bc8873f8f,113,133,Vilnius,2025-01-02 05:33:15,True,Cloudy
2a1ac368-d88f-40c4-b148-88187b8b88ad,58,155,London,2025-01-01 13:03:11,True,Clear
e9f6ec66-bca5-408a-ac33-0a4fefa59913,175,144,Bucharest,2025-01-02 16:37:53,True,Cloudy
ac3e23b0-241d-44ce-8461-67f8e2abf741,144,138,Budapest,2025-01-01 08:32:23,False,Cloudy
06126399-9f92-418c-ab76-e904bb2f7342,137,115,Vilnius,2025-01-01 04:45:43,True,Cloudy
c283c321-69d4-4819-8a36-20473f3df3a3,162,120,Helsinki,2025-01-01 01:23:51,False,Cloudy
64c70db6-c504-4444-9963-9714ab139f48,121,111,Barcelona,2025-01-02 06:01:17,True,Rainy
ceb02dc6-1663-40b7-9903-1ea103b5f175,99,186,Barcelona,2025-01-02 01:29:54,False,Cloudy
61c4ccc9-a426-47e7-a18b-ae441dd79075,197,182,Prague,2025-01-02 13:14:00,False,Clear
6cfa0db4-7210-453c-9be3-21e6f593e1e4,130,150,Bucharest,2025-01-01 06:13:42,False,Clear
177644ff-9f6e-4e26-87b3-743944e76f99,82,97,Zurich,2025-01-02 05:25:18,False,Clear
a73c4979-1678-4408-86cb-963f18d48682,112,117,Warsaw,2025-01-01 07:58:35,True,Clear
20c3f88e-8893-4440-980c-845e618ebddf,154,87,Berlin,2025-01-01 19:34:53,False,Cloudy
1eee1e91-e51a-4937-badd-ef1cb449bd73,148,95,Vilnius,2025-01-02 03:58:16,False,Rainy
9ec8218f-7025-42fb-a240-00ad50897c27,55,81,Tallinn,2025-01-01 20:14:42,False,Snowy
73c2f06d-4891-4436-bd7c-03427951e8ee,184,63,Helsinki,2025-01-01 04:00:21,True,Snowy
8c573aae-dbe0-4818-8bb8-a4de0d389218,58,149,Barcelona,2025-01-01 23:41:51,True,Snowy
79892743-c4b6-4fec-8d73-6a9cd2ae89ec,150,91,Dublin,2025-01-02 16:04:13,True,Snowy
c889f41f-a44c-4c49-9347-43d4eedbb0fa,110,73,Brussels,2025-01-01 19:47:00,True,Clear
afdfb8bb-bd70-4906-b135-f2f1ea5ab7c5,148,42,Dublin,2025-01-01 03:48:48,True,Cloudy
a45661da-b488-4493-9635-5f072cdbc6c0,197,107,Copenhagen,2025-01-02 00:33:47,True,Cloudy
76fbaf1d-5036-4578-bb7e-f3fbb2ef1f20,107,178,Tallinn,2025-01-02 11:32:07,False,Snowy
44ff2b24-59d7-4a35-a08b-c9b61481b4eb,109,180,Riga,2025-01-02 06:46:51,False,Snowy
1922bd4a-791a-45c7-99eb-47fd2cb31fbc,84,89,Geneva,2025-01-01 13:57:14,False,Rainy
1b44288b-ab60-4b26-8bbd-1a93c65a9c25,96,121,Riga,2025-01-02 14:24:46,True,Rainy
ee8b8d84-8f88-4b71-b576-8216c9f9775e,95,58,Bucharest,2025-01-02 04:54:37,False,Rainy
125ac63d-8eaa-40af-aff6-92c357cbad32,136,83,Madrid,2025-01-02 12:50:53,False,Clear
8775e6cc-899b-4616-8229-65798f89b6d4,53,42,Barcelona,2025-01-01 10:03:45,True,Cloudy
470ecb0b-213e-46be-989e-eea657c257dc,59,152,Barcelona,2025-01-01 01:05:10,False,Clear
8ca58859-4916-4ac2-827e-fed21872ca0f,156,104,Vienna,2025-01-02 11:35:45,True,Clear
7351626a-e436-4e58-b2aa-1527240fcfcd,124,78,Geneva,2025-01-02 09:55:06,False,Cloudy
37fb80b3-b6c2-4dbd-8c89-158de091c1fc,89,103,Amsterdam,2025-01-02 17:50:44,True,Rainy
ba353029-9c45-454b-8864-f59cf297c5eb,176,143,Athens,2025-01-02 05:22:49,True,Cloudy
956a9160-47b3-45a8-a6e8-5e6086d7bddb,168,52,Geneva,2025-01-01 05:32:41,True,Snowy
e3d29654-ef77-4c58-b8b8-0b3ec29fe263,122,107,Paris,2025-01-01 14:06:43,False,Rainy
a9a2701b-6067-4fb2-80d0-131d5eee7ed5,89,109,Stockholm,2025-01-02 16:55:05,False,Cloudy
a6ae0d47-38b6-4505-8580-e9a042ad3e23,145,114,Oslo,2025-01-01 18:06:14,True,Clear
77c113f4-a08b-4b19-9c14-e4ab41d784ee,72,40,Helsinki,2025-01-01 07:14:16,True,Cloudy
9551fb5b-1388-4714-a27e-c8c77d3d7c2b,192,137,Budapest,2025-01-01 20:20:00,False,Rainy
7076ef42-562d-4b08-a017-ad741981cbbf,164,143,Zurich,2025-01-02 14:32:08,False,Snowy
401198cd-6cfc-464b-902b-23d0fb734877,165,155,Dublin,2025-01-02 05:24:18,True,Clear
3da6557b-c5fe-4d34-a422-6970a750180e,182,176,Prague,2025-01-02 12:25:21,False,Snowy
171eac6a-174c-4586-97f9-bbc5559dd5c3,195,152,Vienna,2025-01-01 06:22:51,False,Snowy
c62205f7-7707-46b3-8165-2c7e548147da,70,142,Berlin,2025-01-02 18:44:06,False,Clear
242c1560-02b9-4031-959b-d2365cfedfc3,52,76,Brussels,2025-01-01 14:53:45,True,Cloudy
02506ffd-707f-4dc8-a852-dbffe1a6feaa,95,145,Rome,2025-01-01 05:47:56,True,Cloudy
d8070552-1fc3-411d-8eb8-74175d4a9813,139,147,Vienna,2025-01-01 12:58:41,False,Snowy
3c19f09d-1b04-4461-884e-42552fc6799c,128,60,Tallinn,2025-01-01 04:11:41,True,Cloudy
fde05463-ab58-4329-9841-b2dcd12daae7,176,187,Geneva,2025-01-02 07:02:08,False,Rainy
8d9bf079-1c13-4c58-8c4f-be2a29e3b27b,102,168,Athens,2025-01-02 13:06:11,False,Snowy
9910dbd8-7b9b-4704-904d-809455df6caf,197,67,Athens,2025-01-01 15:28:51,True,Snowy
dd480252-46e2-4640-ae4f-ab7fc95e707e,70,147,Helsinki,2025-01-01 14:38:03,True,Snowy
9fc165c4-1857-44fb-b928-b61d77673467,139,48,Amsterdam,2025-01-02 14:55:20,True,Rainy
69349fdc-e034-409c-a571-d7805c14e12d,162,71,Lisbon,2025-01-01 02:26:12,False,Snowy
200950c0-434f-47d4-867b-9359e6a73f53,100,105,Dublin,2025-01-02 13:14:51,False,Cloudy
9586f76c-b5a5-4a91-a60b-e4f48a740341,117,139,Paris,2025-01-02 08:47:49,True,Cloudy
a13644d2-c1c8-4e6b-9321-e95874b1e9cc,165,60,Madrid,2025-01-02 03:43:16,True,Cloudy
ae40e94c-917f-47cb-abc3-eb76da57e524,187,121,London,2025-01-01 04:44:23,True,Cloudy
7e071942-286a-4b05-aa8c-1f3944df500d,132,63,Amsterdam,2025-01-02 10:57:39,False,Snowy
d4079a18-40be-4a0c-aba2-86ad5640918d,144,150,Warsaw,2025-01-02 01:35:54,False,Rainy
cd927ce7-415e-4eae-93cd-758453ebc729,186,131,Riga,2025-01-02 05:07:42,False,Clear
643b8b06-0641-4a23-b254-dbdd2ce33f88,78,51,Madrid,2025-01-02 21:16:06,True,Cloudy
9535cc6f-e706-4fdd-9eba-6e8923f21da9,159,178,Copenhagen,2025-01-02 19:30:10,True,Clear
af1be6d2-3c38-489a-862a-b3b08a2417c2,120,62,Geneva,2025-01-02 15:34:48,False,Clear
f53c788a-a595-4cf6-a32d-e9d142dbde2a,87,131,Warsaw,2025-01-02 19:45:47,True,Snowy
70e321ae-a1bb-472b-96e3-f09eb92ce2ee,176,162,Bucharest,2025-01-01 19:38:08,True,Cloudy
f2cdeafd-9c52-4389-9455-18b5a02597e4,121,73,Oslo,2025-01-02 18:20:51,True,Cloudy
107703ae-d6a3-4fe5-bd8f-ecaa3bfd82d3,108,164,Bucharest,2025-01-01 22:56:25,True,Cloudy
f367dda7-1973-4f1a-8dfb-c2c9ce3e3940,77,96,Warsaw,2025-01-01 23:54:16,False,Clear
c273312e-566f-4dc2-8d9a-815dce609384,95,42,Bucharest,2025-01-01 15:44:40,True,Cloudy
38634f0d-a740-45c1-ae7a-0d442318c440,120,45,Prague,2025-01-02 10:17:46,False,Cloudy
e819b3c6-7488-480a-aeed-7e82c9fd9250,87,87,Stockholm,2025-01-02 08:12:30,False,Rainy
ad331fef-3b8b-44a2-ad7d-7bf646e2e14e,166,141,Berlin,2025-01-02 08:53:01,True,Snowy
40ae4478-5994-43a4-b94f-537c2e373a6d,157,159,Oslo,2025-01-01 05:35:27,False,Cloudy
04b62156-3413-4892-a9ea-814200938da0,195,52,Athens,2025-01-01 22:40:19,False,Cloudy
0c607d7f-db74-4b96-a4e5-47d53b856570,144,75,Brussels,2025-01-01 23:57:47,True,Snowy
0439347d-300a-498d-a6f4-db0bda1a008e,112,109,Berlin,2025-01-02 12:36:20,False,Snowy
292f2bb2-a6a8-48a2-b20f-213b675ef2b7,152,72,Tallinn,2025-01-02 20:59:33,False,Clear
3a94848f-6a69-4f48-9772-e37e18c14a96,54,144,Geneva,2025-01-02 12:32:23,False,Clear
b0464f5c-2b2d-48c2-9673-5514c9bd19fa,156,96,Zurich,2025-01-01 09:10:56,False,Clear
28e1e1c4-92e6-42c9-82cf-50974bfc26e4,191,94,Barcelona,2025-01-02 10:59:18,False,Snowy
71d6deae-37f5-42da-bf82-2d0cc831dbbe,107,146,Amsterdam,2025-01-02 17:03:24,False,Rainy
af02c3b0-b884-4e8c-a644-3d2e9679760c,195,180,Barcelona,2025-01-01 20:08:27,False,Cloudy
3a86a4cf-2e38-4482-9d39-1bc2ea30e8ff,56,90,Rome,2025-01-02 08:39:47,False,Snowy
d73b5514-85e2-4327-8d06-0766721cf6d5,136,131,Helsinki,2025-01-01 03:36:25,True,Rainy
13a42bdc-697f-4eb0-a881-d3223d0624b6,146,92,Riga,2025-01-01 05:25:16,True,Snowy
2ab472c2-90bf-4d51-ab94-0b185cd4c680,94,75,Prague,2025-01-01 14:00:16,True,Rainy
23789004-b7bb-4448-a524-4ab51b041ff2,65,172,Budapest,2025-01-02 12:58:47,False,Snowy
0c97ef95-d6c9-4e1b-9546-8657a4c1b7ac,113,158,Stockholm,2025-01-02 13:33:10,False,Snowy
7ba01746-7a6c-4397-ab8c-5b2124ae2222,86,64,Vienna,2025-01-01 02:14:45,False,Rainy
f2622d24-486d-4b7b-b08e-5ed7afcb331b,58,120,Dublin,2025-01-01 14:15:32,True,Rainy
24cf0d0a-03c1-42f7-a2d0-2502f29bc531,186,76,Tartu,2025-01-01 03:35:39,True,Rainy
69f25a58-def1-4326-9273-79eff8b07487,189,58,London,2025-01-02 11:47:12,True,Rainy
ef7b3bab-f8f2-4a48-95d7-6508ab919232,195,74,Copenhagen,2025-01-02 12:01:29,False,Rainy
c7f48716-6a0c-4c83-aeb4-d3dfc1b40130,139,146,Prague,2025-01-01 04:55:04,True,Rainy
c624786e-61ac-419c-bec8-dcae62418ae4,123,93,Barcelona,2025-01-02 03:22:26,True,Rainy
ba08a5c6-887e-4b1f-8881-bd3e73f35337,174,45,Stockholm,2025-01-01 04:32:44,False,Rainy
95e84ff7-b436-4ac1-a6b9-d7e082c102d6,100,168,Lisbon,2025-01-01 02:16:07,True,Snowy
8b82db8b-728c-4196-869b-61faa20513b8,81,73,Copenhagen,2025-01-01 20:43:31,False,Rainy
2cfc9e2b-c376-49d4-8f33-32324755c7f1,137,95,Tallinn,2025-01-01 12:51:17,True,Rainy
b0dd6fea-1724-40ce-92b2-2249599af302,185,136,Athens,2025-01-02 06:13:35,False,Snowy
1818541f-f7a4-463c-920a-6948db60391e,75,65,Tallinn,2025-01-01 02:04:52,False,Snowy
5b616243-6571-46c7-9314-dd9f3f2dec45,115,130,Prague,2025-01-01 22:10:53,False,Clear
e0286d11-d0ff-4f17-a29b-c0b446adddef,122,77,Vienna,2025-01-01 10:21:05,False,Clear
fe01ab53-611e-406a-900c-b6b690603e92,99,98,Brussels,2025-01-02 08:09:56,False,Rainy
30aed5a0-2c2e-4821-8f18-2743ec3b56da,94,166,Paris,2025-01-02 05:03:38,True,Rainy
e76662f6-f36e-4734-8ded-180dbf391fb1,136,63,Geneva,2025-01-02 16:47:09,False,Clear
cbb59cf3-9561-4bc7-9e02-74577763b258,82,150,Bucharest,2025-01-02 15:37:14,False,Clear
da903010-660c-4441-b50e-5408afc05219,68,60,Dublin,2025-01-02 16:00:22,False,Cloudy
8cf90d79-ff31-4fc2-9d27-0c9139e36aea,190,99,Athens,2025-01-02 00:42:00,False,Cloudy
89a22f99-ea9a-4adf-b219-c8efa81b979e,162,129,Brussels,2025-01-01 15:31:49,True,Rainy
b9763c09-2108-42a7-964e-7ce42fdbc001,71,187,Barcelona,2025-01-01 14:59:40,False,Cloudy
c1bf837a-18d2-45cc-8b08-b6e32522300d,197,45,Tallinn,2025-01-02 15:06:54,True,Clear
afc73c13-dc65-4a17-8318-5b8749bbe90a,146,49,Tartu,2025-01-02 10:54:49,False,Rainy
25a8504c-2d26-4f18-aa56-5b5d9f044b06,54,179,Berlin,2025-01-01 10:20:39,False,Snowy
7f6d2b95-009c-481b-a9cf-fd4b5b87c3d7,175,136,Helsinki,2025-01-01 21:45:51,True,Snowy
2225dd42-684b-4dc1-8327-515d14b88284,127,189,Tallinn,2025-01-01 02:12:16,True,Clear
57e76a73-df51-47a0-9d4c-be06f933e7e4,79,119,Geneva,2025-01-02 23:04:49,True,Cloudy
ff88aba4-7fea-4db4-aa41-4eced4235be1,140,56,Amsterdam,2025-01-02 14:12:15,False,Snowy
915a2d1d-e8e3-41c5-95d9-7c40121ff30f,131,177,Lisbon,2025-01-02 00:55:09,True,Cloudy
68ea51d9-7261-4c9c-b83a-fdca9df7401a,137,179,Riga,2025-01-01 03:50:25,False,Snowy
e1122e76-61b0-48d8-ad00-622bf19f1b6b,181,122,Brussels,2025-01-02 16:52:42,True,Cloudy
72fc86dd-38f2-48c8-9b2b-e009a244a628,154,79,Stockholm,2025-01-01 20:34:37,True,Snowy
c6f04803-829a-4994-9410-3c22d01f0a7e,116,113,Stockholm,2025-01-01 17:22:53,False,Snowy
a7242161-42a5-4550-995f-9c012228e73d,167,113,Riga,2025-01-01 07:19:01,True,Rainy
34553cdd-9f54-4f9a-af47-3ace8342fc05,79,89,Helsinki,2025-01-02 12:35:30,True,Rainy
888ba9e3-2d88-4a07-9eda-21024f0ea8d2,160,49,Geneva,2025-01-01 23:09:21,False,Clear
3abebc97-4a5f-4f13-a23a-f2c2f528b3e6,193,142,Lisbon,2025-01-02 07:13:19,False,Snowy
3d32bba4-b46e-47f1-8941-4a132b748c5b,88,133,Stockholm,2025-01-01 13:05:11,False,Cloudy
beff1308-5fa8-45aa-85a7-99fa524689f1,135,171,Geneva,2025-01-02 09:14:44,True,Snowy
8546dda6-e423-410d-8025-6c16015f8b95,90,168,Stockholm,2025-01-01 08:11:41,True,Cloudy
299b4841-c5c6-4ba8-ac1b-5ffd510dd8e5,80,82,London,2025-01-01 05:18:41,True,Cloudy
8cee7389-5ac5-4b77-9279-1236e66faa3c,190,122,London,2025-01-02 22:12:53,True,Snowy
59f7b3bb-5065-45ec-a3c2-9cb132cfdcb3,176,172,Budapest,2025-01-01 00:09:13,True,Cloudy
2d57ee72-7442-489d-a97f-f0a59ef81100,113,143,Brussels,2025-01-02 14:30:17,False,Clear
20599bfc-402b-4372-bf56-3400d18beaf6,166,73,Geneva,2025-01-02 01:43:27,True,Rainy
8cae16fe-174a-4f2b-8571-23a19c8158aa,68,63,Rome,2025-01-02 12:26:42,False,Cloudy
5a5558b2-1e9b-4739-9f2d-67499ef8a020,160,181,Berlin,2025-01-02 23:00:01,True,Snowy
f88f9285-e709-42e1-9bca-87260afffa7d,163,80,Rome,2025-01-01 10:37:49,False,Rainy
d1f4f435-373c-490b-923c-4f55ba909caf,74,52,Tallinn,2025-01-02 18:52:02,True,Clear
a25b0637-e614-467d-b504-03ad3b06f39a,170,171,Budapest,2025-01-01 17:19:50,True,Cloudy
f216aed0-5310-4c28-8de6-4f6258f4fa43,148,67,Barcelona,2025-01-02 12:56:07,False,Cloudy
5690249e-6682-48e1-b54b-52021e287c61,139,122,Barcelona,2025-01-01 23:32:11,True,Rainy
933ae8d6-47ea-4bfe-a9a4-e20b86f4b9da,52,168,Oslo,2025-01-01 16:58:45,False,Cloudy
14fbc1c2-02e8-4531-b06f-4a5e74869272,179,146,Tallinn,2025-01-02 12:19:42,True,Snowy
c393f815-6ce4-430c-9a81-0f56799570b1,54,52,Brussels,2025-01-01 00:27:01,True,Rainy
827cc441-1928-4d35-a455-9bef9f03f247,69,153,Warsaw,2025-01-01 04:28:12,False,Rainy
5efe1c6c-a041-4fc9-b135-5d0bb741d987,87,145,Tartu,2025-01-01 20:12:34,True,Cloudy
aee070a1-f98c-4c47-bdbe-d0c0d3a85e16,150,44,Warsaw,2025-01-01 21:26:03,False,Clear
e7f8a0bf-d72a-4410-a066-e56f22599379,177,136,Vilnius,2025-01-02 18:55:13,True,Clear
12fa2a89-4d26-49e4-8962-47af313fec50,151,53,Bucharest,2025-01-02 14:01:30,True,Clear
a3888944-6c1e-4dbe-bb81-63b08cfa373e,85,119,Bucharest,2025-01-01 17:48:53,True,Clear
97adbfe6-13ea-4284-8b7e-e5f00028aa01,148,159,Tartu,2025-01-02 14:12:45,True,Rainy
c740d32b-2b76-467c-859d-6c5cbad10b47,162,74,Athens,2025-01-02 18:14:27,True,Rainy
8063e2ce-0501-4402-9994-5c5f2df62e57,86,42,Athens,2025-01-02 15:14:32,True,Cloudy
d0ed0d48-61f6-4382-9f50-2e30787034e2,103,43,Helsinki,2025-01-01 15:16:39,True,Clear
9339ee04-9a7c-4a53-9c1f-1d2793e21401,198,174,Prague,2025-01-02 13:25:31,False,Clear
c67906ec-4d1b-4dec-b692-2210afe1aaf1,198,170,Madrid,2025-01-01 21:36:50,True,Cloudy
1c3d8efd-680f-47d7-b51b-3ccb92544c77,141,120,Tallinn,2025-01-01 07:53:25,True,Cloudy
0017f78c-e40e-414e-bcea-db4ca50c6369,119,150,Athens,2025-01-01 13:57:59,True,Cloudy
e6521161-8233-4490-9296-fcb9f323143f,133,98,Madrid,2025-01-01 08:15:05,False,Snowy
78b41d76-f1d0-4127-b742-b08273707ac5,60,113,Stockholm,2025-01-01 06:40:14,False,Cloudy
ec7042e6-7fbb-48af-9d0a-92e3c29758cf,137,168,Dublin,2025-01-01 14:19:20,True,Cloudy
f4bfcc66-76e3-446b-9dbe-5fd76651539b,136,98,Brussels,2025-01-02 04:36:45,True,Snowy
92839309-695b-4214-9881-e6480a268bcd,80,157,Amsterdam,2025-01-01 23:58:20,True,Clear
bda509e2-ed1d-4636-ad1a-86581bad74e6,150,177,Vienna,2025-01-02 21:59:24,False,Rainy
dbab13a0-5e05-449e-8311-a974b64bf9e0,109,142,Lisbon,2025-01-01 04:50:04,True,Clear
1f1626a5-2bc6-4f92-99eb-d348c462b2be,110,170,Vienna,2025-01-01 04:19:19,False,Rainy
253ec07a-b6da-4a3d-b7f0-ed2b68e2d268,116,174,Stockholm,2025-01-01 02:39:58,True,Rainy
fefc5199-b90a-4942-8244-3a5890a1dd55,128,48,Geneva,2025-01-02 12:14:47,False,Cloudy
3ce0b422-33be-4553-aa11-447312b08bfa,120,138,Rome,2025-01-01 23:17:47,False,Cloudy
b376e4c0-02de-4a9f-8102-2b98bd608097,116,180,Tartu,2025-01-02 04:59:59,True,Snowy
5d14bf8c-dea0-43fb-8cd9-a1332e3fb3af,177,153,Paris,2025-01-01 08:31:45,True,Clear
30f54133-35f3-4c67-ae05-763b4aa35295,160,101,Budapest,2025-01-02 04:01:08,True,Clear
a66fa052-9e19-431b-9594-2e75f96e65cc,65,101,Vilnius,2025-01-02 23:02:03,True,Rainy
012ab9f0-aa59-433f-8481-918a31d49a75,94,49,Riga,2025-01-01 03:46:48,True,Cloudy
54f37a1f-da82-4a4c-b13e-7263b7a9c119,83,126,Tartu,2025-01-02 15:31:32,True,Cloudy
c8979d0c-e7c0-46cb-9568-7ded8f36c79b,93,50,Riga,2025-01-01 23:29:56,True,Clear
5e36e235-a624-433f-93f1-1a68ef57123d,166,101,Prague,2025-01-01 05:24:00,False,Snowy
18f4225d-6b10-48ee-9172-9261f5b8e7e7,174,116,Tartu,2025-01-01 04:52:11,True,Cloudy
185bd678-9c14-4d17-a067-f454665654c4,152,143,Prague,2025-01-02 13:36:00,True,Snowy
57aaf016-da80-4c9b-b480-95194481595a,169,95,Vienna,2025-01-02 22:07:37,False,Clear
acaf1721-d63f-489b-8e0f-b647615b1056,84,149,Budapest,2025-01-01 09:19:03,True,Clear
a7cf5a00-e815-460c-a1c9-8f2fdfbad763,175,88,Tartu,2025-01-02 22:03:19,True,Snowy
9a3c3789-50bb-4b72-a6e1-6a4d30705f19,124,55,Zurich,2025-01-01 11:37:33,True,Cloudy
301f96c9-e1d9-406f-a4a9-cb0a3742febc,133,112,Dublin,2025-01-01 21:39:21,True,Clear
51191768-a7af-42ca-b099-2dc570c6146d,102,155,Riga,2025-01-01 23:04:21,False,Rainy
652aad82-5e97-49fd-b2e3-e5fb3b08e84a,107,132,Tallinn,2025-01-02 14:26:22,False,Clear
b8e76a29-a4ba-4d5b-b50f-3f7ec3a793d9,192,176,Copenhagen,2025-01-01 07:09:20,True,Cloudy
6496c40e-6128-4b2c-af8d-7d073e61465d,99,72,Vienna,2025-01-02 17:38:22,True,Rainy
14545e9c-1913-499b-a2f0-f6823992e4ad,190,127,Lisbon,2025-01-01 18:53:08,False,Clear
abe74329-e248-4c4c-962e-765a7a0f9dad,160,78,London,2025-01-02 11:06:00,True,Cloudy
423974c0-dd28-4a9f-8d6d-a8fef4946290,160,153,Budapest,2025-01-01 05:18:40,False,Cloudy
557f7a73-664d-4a44-9864-9cf493adfb08,169,116,Brussels,2025-01-02 04:40:59,False,Clear
d2ffaa1b-ac09-4eab-8385-294c3039ede9,114,126,Stockholm,2025-01-02 20:18:16,False,Cloudy
e446edc6-e451-49dd-a8e2-c3d3d4e2cf5d,155,153,Oslo,2025-01-01 05:45:38,True,Snowy
cddaa240-1769-44ff-a155-3f2bbb425f2e,140,95,London,2025-01-01 23:13:19,True,Rainy
09acf20e-92c9-46d3-b1be-703bb6810f70,195,177,Copenhagen,2025-01-01 16:23:58,True,Snowy
c1930b3b-be8d-4529-9db3-9aea86f35333,75,80,Brussels,2025-01-02 17:06:18,False,Clear
0d931734-88c3-41bc-8170-556d913d1185,121,143,London,2025-01-02 19:21:34,True,Snowy
4d85ef93-0e7e-4972-93fb-db7515dd52bd,93,138,Brussels,2025-01-02 22:44:42,True,Clear
d215b8f8-8d4e-4d12-a9ad-cf820d09a87b,139,98,Zurich,2025-01-01 02:40:41,False,Clear
0c69d6eb-b4d3-4de5-963b-12c4dee171d2,182,161,Copenhagen,2025-01-02 09:24:52,True,Cloudy
cccc2132-88b9-48b4-ab35-05abd934505d,173,159,Stockholm,2025-01-01 02:06:18,True,Cloudy
a2346bf9-f4d7-42e2-97aa-eb0cba04b4a1,54,80,Tartu,2025-01-03 00:14:54,True,Clear
0187862b-255f-4b48-bb8d-6920fcb88714,176,105,Riga,2025-01-01 17:15:30,False,Rainy
d518dc0d-837f-4250-8b05-1f6a919ecfdb,162,101,Geneva,2025-01-02 12:35:23,True,Rainy
a421111e-7ac1-4f4e-97fb-10affcd49bb4,160,79,Tartu,2025-01-01 06:23:06,False,Rainy
f21ae599-12e2-4c4d-a4cc-ff7dc66a2d21,126,79,Barcelona,2025-01-02 00:03:46,False,Snowy
efe974bd-5033-4889-9779-86e1f75ec5df,62,141,Paris,2025-01-01 14:28:05,False,Clear
4ef9537a-de26-4993-b520-43aa70f66cec,107,54,Paris,2025-01-01 10:00:36,True,Cloudy
38b733ea-629e-477e-8748-4625cbf116b4,179,163,Amsterdam,2025-01-01 08:42:34,True,Snowy
37ca4dda-f116-43f0-a393-a51e5bc6b5dd,137,170,Paris,2025-01-01 13:53:53,True,Snowy
d1c58c2c-9b14-4861-b55e-3d519f37a4ae,85,63,Budapest,2025-01-01 16:07:06,False,Cloudy
6a41153c-2492-4df7-b2e3-1f5d6f37af7d,74,87,Vienna,2025-01-01 19:27:53,False,Clear
08ba2064-5d80-4d5e-989a-36238b795c31,83,87,Dublin,2025-01-02 21:14:18,True,Snowy
abeeb454-bdb3-4aad-8907-99301449041f,189,86,Lisbon,2025-01-01 19:06:12,False,Clear
1a1c1f74-11e7-4588-aa75-4f989b132035,68,144,Lisbon,2025-01-01 07:59:27,True,Clear
5b4ac194-b2c3-46b3-8ed6-00e881dcd076,163,152,Amsterdam,2025-01-01 08:29:51,True,Clear
ad247641-70d5-430c-b73d-690db5fbd542,155,47,Paris,2025-01-02 02:23:38,True,Cloudy
ac341812-a510-4baf-8375-1f071654d120,86,57,Athens,2025-01-02 01:48:19,True,Clear
c42b10f8-b992-47cf-862d-4f2bc19eb655,156,147,Amsterdam,2025-01-01 02:29:27,True,Snowy
7a9e05c3-f62d-44ee-9026-833fb59da3e0,178,123,Warsaw,2025-01-01 21:09:32,True,Cloudy
c20172c8-08e3-4d22-bde7-580095463545,109,104,Oslo,2025-01-02 02:48:56,True,Cloudy
ee60738f-38c7-4727-9cbc-0f6f175488b5,116,148,Warsaw,2025-01-02 18:47:13,False,Snowy
4666af27-64fb-4c52-b8cc-e49d80565856,128,85,Oslo,2025-01-02 03:09:11,True,Cloudy
ae3f5d0e-8440-4afc-951b-7d47be8d2a87,160,105,Copenhagen,2025-01-02 17:25:22,False,Snowy
08dce803-73fe-4305-a2da-139e77638df3,97,119,Dublin,2025-01-01 17:55:43,False,Rainy
b20ba11b-f907-44cd-aa0e-40c277136341,196,189,Helsinki,2025-01-02 18:50:14,True,Snowy
fb79d921-d810-456d-9b5a-8025a72aa1d1,137,179,Helsinki,2025-01-02 03:39:10,False,Cloudy
b0055357-08e5-4683-a590-127d225654b3,89,186,Prague,2025-01-01 20:16:15,False,Snowy
9159a952-5b83-4c93-a25e-a726665259bb,183,189,Bucharest,2025-01-01 11:50:20,False,Rainy
e0bcf96c-1df5-4df7-9d8d-fdcd2ab6d6dc,145,145,Budapest,2025-01-01 22:53:43,True,Clear
6eaaa566-f6c8-4e2d-acfe-2f57d38fa013,110,165,Budapest,2025-01-02 17:38:00,True,Clear
8d310f67-ec28-4cff-ba80-87f244110262,54,184,Geneva,2025-01-02 10:09:45,True,Clear
ce12d7c0-2294-4dfb-9d05-51fa21608688,86,52,Stockholm,2025-01-02 03:06:17,True,Cloudy
6b08cfca-461c-4850-9f60-a7836513eb22,188,67,Prague,2025-01-01 12:46:05,True,Rainy
fdd9ba45-40fb-40b4-8502-3848968814d0,155,162,London,2025-01-02 18:16:14,False,Snowy
70b8949e-af0a-434f-98eb-d5175b584c39,148,106,Athens,2025-01-02 12:32:57,False,Snowy
c85d667a-cc98-46d2-959f-6bbc98a81ca8,57,44,Geneva,2025-01-02 20:37:45,True,Snowy
e48bf755-7721-4f9f-ab29-2a2c3c0c7ec4,136,139,Riga,2025-01-02 01:03:05,False,Snowy
10aa0795-3bf9-4522-8462-98ba154c27ee,133,182,Tallinn,2025-01-02 03:20:22,False,Cloudy
9b124ec1-3406-4238-a2ce-c4dc494e8dcd,60,120,Stockholm,2025-01-01 06:37:29,False,Cloudy
d3e0ed77-7464-4393-83a9-ce9812b9a4fa,120,83,Berlin,2025-01-01 03:47:50,False,Rainy
7a6ac86e-6be7-4469-83e1-0b3499361244,143,158,Madrid,2025-01-01 14:18:45,True,Snowy
6726c438-f74c-4494-b0b7-c7de5136a358,172,85,Bucharest,2025-01-01 19:42:24,True,Clear
519f92ec-ba12-4671-a104-2797a2f0876b,190,107,Rome,2025-01-02 03:31:38,True,Cloudy
beb2545e-50a7-41fc-8682-f6bca4784932,155,167,Tartu,2025-01-02 05:18:16,False,Rainy
f40b8b5c-6310-4d4f-9a7c-048ca84e76f2,98,88,Brussels,2025-01-01 12:36:07,False,Rainy
adfd4c3b-eb11-43f0-8363-d77e6d0b2599,56,141,Rome,2025-01-01 01:13:51,True,Cloudy
e1abd8fe-cc5a-4ac6-9443-a5c76bd735e8,150,116,Bucharest,2025-01-02 20:19:07,True,Clear
15e9083a-2109-4e9c-8c1f-8adc454bf138,100,59,Barcelona,2025-01-01 09:54:06,False,Clear
56f439b9-28fe-4f03-86d4-85fcfe52a939,54,150,Berlin,2025-01-01 04:43:09,True,Snowy
4c95c029-5d15-4275-9564-1bd332e51829,62,185,Bucharest,2025-01-01 01:55:42,True,Cloudy
daf77369-7887-4a31-9da8-ced1c16ef121,91,154,Dublin,2025-01-01 12:31:06,False,Clear
49490c2a-5a5f-470b-9213-a7831f40ba60,174,51,Vienna,2025-01-02 20:27:15,False,Cloudy
6f89ef02-135f-4160-96bf-1829d2805ba3,182,118,Dublin,2025-01-01 15:05:00,True,Rainy
c249dea5-a812-4ef3-bb14-59cbf01ca5e9,111,158,Athens,2025-01-01 22:36:04,False,Rainy
d9135245-1c46-40a8-9fb0-d2a0c1ce30fe,178,75,Vienna,2025-01-01 00:37:15,True,Rainy
69e984e6-75a6-439c-a306-7d846817088f,123,47,Copenhagen,2025-01-01 04:11:46,False,Cloudy
6db642a7-ef80-4748-b5ad-8aa7903e6773,163,67,Paris,2025-01-02 12:29:48,False,Snowy
1ce6cfb5-e12e-4273-9610-f3460a0fdf67,103,155,Amsterdam,2025-01-01 23:51:03,True,Snowy
f92ab77f-2960-4d0c-ad3b-0566a33c8737,165,125,Brussels,2025-01-01 03:30:44,False,Clear
1b06c6f4-853a-4fc3-9d90-5f640ef14a3c,180,88,Bucharest,2025-01-02 22:28:50,True,Cloudy
c077ba6f-e7c3-4af5-b79d-9a7838be771b,132,119,Oslo,2025-01-01 01:26:13,False,Snowy
9dc565b5-59aa-4cdf-a813-137699e131da,179,44,Tallinn,2025-01-01 16:12:24,True,Cloudy
d8ccfed9-2c01-4bb6-884d-37a36dc2b772,98,85,Warsaw,2025-01-02 07:16:22,False,Snowy
bafb6714-f550-44f3-a316-87a44257d245,80,137,Brussels,2025-01-02 13:40:01,False,Rainy
f23fee58-8d42-4714-9b7b-64fbbe63df76,123,141,Helsinki,2025-01-01 02:18:43,True,Rainy
ae595a1f-8dd9-402f-bc57-4fa7f115d45f,166,41,Zurich,2025-01-01 14:26:17,False,Clear
35011eeb-8ad5-4ab2-acbc-16aadad57e57,52,64,Vienna,2025-01-02 10:19:04,True,Rainy
8ae2a24b-3b29-4f88-8954-4ad1f42f5c3b,173,40,Vienna,2025-01-01 11:57:47,False,Snowy
885aa7cf-33f8-4491-abee-62a5c233380a,134,107,Copenhagen,2025-01-01 19:14:07,False,Clear
092f7ec7-8560-45fb-aeb9-6e1ce5096690,113,108,Athens,2025-01-01 19:12:41,True,Clear
decc893f-a9b1-483c-9b54-12ca289725c6,67,55,Rome,2025-01-02 01:29:37,False,Rainy
18c1347f-57a2-4382-a23d-ca326965d81f,83,57,Bucharest,2025-01-02 06:25:07,False,Cloudy
c4123737-24a3-4911-b543-0e227d369624,105,146,Lisbon,2025-01-01 18:54:35,True,Rainy
d5baf840-9a79-4218-ab52-302ca7b75a42,116,56,Rome,2025-01-02 21:02:37,False,Rainy
9c040afa-2337-4c8e-b74e-92022b609fd9,140,164,Copenhagen,2025-01-01 05:55:53,True,Clear
d59aca20-6799-439d-be01-fbb5e3fa0792,116,121,Tartu,2025-01-02 00:19:23,True,Rainy
0f62f592-02a9-4eb6-8985-c3c781a787bb,159,43,Barcelona,2025-01-01 09:33:20,True,Snowy
cd6f72d0-d672-456f-98a1-8f90bfc2daff,89,154,Bucharest,2025-01-01 19:25:59,False,Clear
900a4f70-4736-4f9a-a2b9-8979751cd9b3,196,134,Rome,2025-01-01 00:11:04,False,Rainy
e780cb08-fbc4-4d6c-b763-dcbf0c22da66,182,134,Copenhagen,2025-01-01 06:02:00,True,Cloudy
e69a5193-b942-4359-82b4-c7eb19a77ce9,191,176,Budapest,2025-01-01 05:26:08,False,Snowy
b3c0c4c3-e19b-4664-8aeb-2116c68c4622,140,70,Vilnius,2025-01-02 17:38:54,True,Cloudy
4a9b8153-6f05-4f85-a3ba-bec5620705bd,98,172,Helsinki,2025-01-01 21:04:22,False,Snowy
0c331679-0a96-4069-a1a0-8dfe3a61a33c,113,55,Vienna,2025-01-01 23:37:29,True,Cloudy
